-- Generated by Craft v2.6.2990 on 29/09/2017, 7:30:42 AM.

--
-- Disable foreign key checks and autocommit.
--

SET FOREIGN_KEY_CHECKS = 0;
SET SQL_MODE = "NO_AUTO_VALUE_ON_ZERO";
SET AUTOCOMMIT = 0;
SET NAMES utf8;


DROP TABLE IF EXISTS `craft_assetfiles`;


--
-- Schema for table `craft_assetfiles`
--
CREATE TABLE `craft_assetfiles` (
  `id` int(11) NOT NULL,
  `sourceId` int(11) DEFAULT NULL,
  `folderId` int(11) NOT NULL,
  `filename` varchar(255) COLLATE utf8_unicode_ci NOT NULL,
  `kind` varchar(50) COLLATE utf8_unicode_ci NOT NULL DEFAULT 'unknown',
  `width` int(11) unsigned DEFAULT NULL,
  `height` int(11) unsigned DEFAULT NULL,
  `size` bigint(20) unsigned DEFAULT NULL,
  `dateModified` datetime DEFAULT NULL,
  `dateCreated` datetime NOT NULL,
  `dateUpdated` datetime NOT NULL,
  `uid` char(36) COLLATE utf8_unicode_ci NOT NULL DEFAULT '0',
  PRIMARY KEY (`id`),
  UNIQUE KEY `craft_assetfiles_filename_folderId_unq_idx` (`filename`,`folderId`),
  KEY `craft_assetfiles_sourceId_fk` (`sourceId`),
  KEY `craft_assetfiles_folderId_fk` (`folderId`)
) ENGINE=InnoDB DEFAULT CHARSET=utf8 COLLATE=utf8_unicode_ci;

--
-- Data for table `craft_assetfiles`
--

INSERT INTO `craft_assetfiles` (`id`, `sourceId`, `folderId`, `filename`, `kind`, `width`, `height`, `size`, `dateModified`, `dateCreated`, `dateUpdated`, `uid`) VALUES
 ('6', '1', '1', 'one-2-zero.jpg', 'image', '756', '503', '101111', '2017-09-28 22:00:39', '2017-09-28 21:43:02', '2017-09-28 21:43:02', '0da13f53-19b0-4054-988e-a677ae546a1e'),
 ('7', '1', '1', 'the-gnarly-mahi.jpg', 'image', '755', '502', '46411', '2017-09-28 22:14:32', '2017-09-28 21:56:56', '2017-09-28 21:56:56', '3a32ea74-a592-49a4-87fc-99087af33f35'),
 ('9', '1', '1', 'placeholder.jpg', 'image', '756', '503', '2500', '2017-09-28 22:28:12', '2017-09-28 22:10:36', '2017-09-28 22:10:36', 'cc6ac933-3e44-4290-b394-90d703e83968');



DROP TABLE IF EXISTS `craft_assetfolders`;


--
-- Schema for table `craft_assetfolders`
--
CREATE TABLE `craft_assetfolders` (
  `id` int(11) NOT NULL AUTO_INCREMENT,
  `parentId` int(11) DEFAULT NULL,
  `sourceId` int(11) DEFAULT NULL,
  `name` varchar(255) COLLATE utf8_unicode_ci NOT NULL,
  `path` varchar(255) COLLATE utf8_unicode_ci DEFAULT NULL,
  `dateCreated` datetime NOT NULL,
  `dateUpdated` datetime NOT NULL,
  `uid` char(36) COLLATE utf8_unicode_ci NOT NULL DEFAULT '0',
  PRIMARY KEY (`id`),
  UNIQUE KEY `craft_assetfolders_name_parentId_sourceId_unq_idx` (`name`,`parentId`,`sourceId`),
  KEY `craft_assetfolders_parentId_fk` (`parentId`),
  KEY `craft_assetfolders_sourceId_fk` (`sourceId`)
) ENGINE=InnoDB AUTO_INCREMENT=2 DEFAULT CHARSET=utf8 COLLATE=utf8_unicode_ci;

--
-- Data for table `craft_assetfolders`
--

INSERT INTO `craft_assetfolders` (`id`, `parentId`, `sourceId`, `name`, `path`, `dateCreated`, `dateUpdated`, `uid`) VALUES
 ('1', NULL, '1', 'Uploads', '', '2017-09-28 21:36:45', '2017-09-28 21:36:45', 'd9e97fe7-b8d9-4dc8-8d83-63ce5dab72d3');



DROP TABLE IF EXISTS `craft_assetindexdata`;


--
-- Schema for table `craft_assetindexdata`
--
CREATE TABLE `craft_assetindexdata` (
  `id` int(11) NOT NULL AUTO_INCREMENT,
  `sessionId` varchar(36) COLLATE utf8_unicode_ci NOT NULL DEFAULT '',
  `sourceId` int(10) NOT NULL,
  `offset` int(10) NOT NULL,
  `uri` varchar(255) COLLATE utf8_unicode_ci DEFAULT NULL,
  `size` varchar(255) COLLATE utf8_unicode_ci DEFAULT NULL,
  `recordId` int(10) DEFAULT NULL,
  `dateCreated` datetime NOT NULL,
  `dateUpdated` datetime NOT NULL,
  `uid` char(36) COLLATE utf8_unicode_ci NOT NULL DEFAULT '0',
  PRIMARY KEY (`id`),
  UNIQUE KEY `craft_assetindexdata_sessionId_sourceId_offset_unq_idx` (`sessionId`,`sourceId`,`offset`),
  KEY `craft_assetindexdata_sourceId_fk` (`sourceId`)
) ENGINE=InnoDB DEFAULT CHARSET=utf8 COLLATE=utf8_unicode_ci;

DROP TABLE IF EXISTS `craft_assetsources`;


--
-- Schema for table `craft_assetsources`
--
CREATE TABLE `craft_assetsources` (
  `id` int(11) NOT NULL AUTO_INCREMENT,
  `name` varchar(255) COLLATE utf8_unicode_ci NOT NULL,
  `handle` varchar(255) COLLATE utf8_unicode_ci NOT NULL,
  `type` varchar(150) COLLATE utf8_unicode_ci NOT NULL,
  `settings` text COLLATE utf8_unicode_ci DEFAULT NULL,
  `sortOrder` smallint(6) unsigned DEFAULT NULL,
  `fieldLayoutId` int(10) DEFAULT NULL,
  `dateCreated` datetime NOT NULL,
  `dateUpdated` datetime NOT NULL,
  `uid` char(36) COLLATE utf8_unicode_ci NOT NULL DEFAULT '0',
  PRIMARY KEY (`id`),
  UNIQUE KEY `craft_assetsources_name_unq_idx` (`name`),
  UNIQUE KEY `craft_assetsources_handle_unq_idx` (`handle`),
  KEY `craft_assetsources_fieldLayoutId_fk` (`fieldLayoutId`)
) ENGINE=InnoDB AUTO_INCREMENT=2 DEFAULT CHARSET=utf8 COLLATE=utf8_unicode_ci;

--
-- Data for table `craft_assetsources`
--

INSERT INTO `craft_assetsources` (`id`, `name`, `handle`, `type`, `settings`, `sortOrder`, `fieldLayoutId`, `dateCreated`, `dateUpdated`, `uid`) VALUES
 ('1', 'Uploads', 'uploads', 'Local', '{\"path\":\"assets\\/uploads\\/\",\"publicURLs\":\"1\",\"url\":\"\\/assets\\/uploads\\/\"}', '1', '8', '2017-09-28 21:36:45', '2017-09-28 21:36:45', 'b714dbdf-b4af-448a-a57c-fcbf30245947');



DROP TABLE IF EXISTS `craft_assettransformindex`;


--
-- Schema for table `craft_assettransformindex`
--
CREATE TABLE `craft_assettransformindex` (
  `id` int(11) NOT NULL AUTO_INCREMENT,
  `fileId` int(11) NOT NULL,
  `filename` varchar(255) COLLATE utf8_unicode_ci DEFAULT NULL,
  `format` varchar(255) COLLATE utf8_unicode_ci DEFAULT NULL,
  `location` varchar(255) COLLATE utf8_unicode_ci NOT NULL,
  `sourceId` int(11) DEFAULT NULL,
  `fileExists` tinyint(1) DEFAULT NULL,
  `inProgress` tinyint(1) DEFAULT NULL,
  `dateIndexed` datetime DEFAULT NULL,
  `dateCreated` datetime NOT NULL,
  `dateUpdated` datetime NOT NULL,
  `uid` char(36) COLLATE utf8_unicode_ci NOT NULL DEFAULT '0',
  PRIMARY KEY (`id`),
  KEY `craft_assettransformindex_sourceId_fileId_location_idx` (`sourceId`,`fileId`,`location`)
) ENGINE=InnoDB DEFAULT CHARSET=utf8 COLLATE=utf8_unicode_ci;

DROP TABLE IF EXISTS `craft_assettransforms`;


--
-- Schema for table `craft_assettransforms`
--
CREATE TABLE `craft_assettransforms` (
  `id` int(11) NOT NULL AUTO_INCREMENT,
  `name` varchar(255) COLLATE utf8_unicode_ci NOT NULL,
  `handle` varchar(255) COLLATE utf8_unicode_ci NOT NULL,
  `mode` enum('stretch','fit','crop') COLLATE utf8_unicode_ci NOT NULL DEFAULT 'crop',
  `position` enum('top-left','top-center','top-right','center-left','center-center','center-right','bottom-left','bottom-center','bottom-right') COLLATE utf8_unicode_ci NOT NULL DEFAULT 'center-center',
  `height` int(10) DEFAULT NULL,
  `width` int(10) DEFAULT NULL,
  `format` varchar(255) COLLATE utf8_unicode_ci DEFAULT NULL,
  `quality` int(10) DEFAULT NULL,
  `dimensionChangeTime` datetime DEFAULT NULL,
  `dateCreated` datetime NOT NULL,
  `dateUpdated` datetime NOT NULL,
  `uid` char(36) COLLATE utf8_unicode_ci NOT NULL DEFAULT '0',
  PRIMARY KEY (`id`),
  UNIQUE KEY `craft_assettransforms_name_unq_idx` (`name`),
  UNIQUE KEY `craft_assettransforms_handle_unq_idx` (`handle`)
) ENGINE=InnoDB DEFAULT CHARSET=utf8 COLLATE=utf8_unicode_ci;

DROP TABLE IF EXISTS `craft_categories`;


--
-- Schema for table `craft_categories`
--
CREATE TABLE `craft_categories` (
  `id` int(11) NOT NULL,
  `groupId` int(11) NOT NULL,
  `dateCreated` datetime NOT NULL,
  `dateUpdated` datetime NOT NULL,
  `uid` char(36) COLLATE utf8_unicode_ci NOT NULL DEFAULT '0',
  PRIMARY KEY (`id`),
  KEY `craft_categories_groupId_fk` (`groupId`)
) ENGINE=InnoDB DEFAULT CHARSET=utf8 COLLATE=utf8_unicode_ci;

DROP TABLE IF EXISTS `craft_categorygroups`;


--
-- Schema for table `craft_categorygroups`
--
CREATE TABLE `craft_categorygroups` (
  `id` int(11) NOT NULL AUTO_INCREMENT,
  `structureId` int(11) NOT NULL,
  `fieldLayoutId` int(11) DEFAULT NULL,
  `name` varchar(255) COLLATE utf8_unicode_ci NOT NULL,
  `handle` varchar(255) COLLATE utf8_unicode_ci NOT NULL,
  `hasUrls` tinyint(1) unsigned NOT NULL DEFAULT 1,
  `template` varchar(500) COLLATE utf8_unicode_ci DEFAULT NULL,
  `dateCreated` datetime NOT NULL,
  `dateUpdated` datetime NOT NULL,
  `uid` char(36) COLLATE utf8_unicode_ci NOT NULL DEFAULT '0',
  PRIMARY KEY (`id`),
  UNIQUE KEY `craft_categorygroups_name_unq_idx` (`name`),
  UNIQUE KEY `craft_categorygroups_handle_unq_idx` (`handle`),
  KEY `craft_categorygroups_structureId_fk` (`structureId`),
  KEY `craft_categorygroups_fieldLayoutId_fk` (`fieldLayoutId`)
) ENGINE=InnoDB DEFAULT CHARSET=utf8 COLLATE=utf8_unicode_ci;

DROP TABLE IF EXISTS `craft_categorygroups_i18n`;


--
-- Schema for table `craft_categorygroups_i18n`
--
CREATE TABLE `craft_categorygroups_i18n` (
  `id` int(11) NOT NULL AUTO_INCREMENT,
  `groupId` int(11) NOT NULL,
  `locale` char(12) COLLATE utf8_unicode_ci NOT NULL,
  `urlFormat` text COLLATE utf8_unicode_ci DEFAULT NULL,
  `nestedUrlFormat` text COLLATE utf8_unicode_ci DEFAULT NULL,
  `dateCreated` datetime NOT NULL,
  `dateUpdated` datetime NOT NULL,
  `uid` char(36) COLLATE utf8_unicode_ci NOT NULL DEFAULT '0',
  PRIMARY KEY (`id`),
  UNIQUE KEY `craft_categorygroups_i18n_groupId_locale_unq_idx` (`groupId`,`locale`),
  KEY `craft_categorygroups_i18n_locale_fk` (`locale`)
) ENGINE=InnoDB DEFAULT CHARSET=utf8 COLLATE=utf8_unicode_ci;

DROP TABLE IF EXISTS `craft_content`;


--
-- Schema for table `craft_content`
--
CREATE TABLE `craft_content` (
  `id` int(11) NOT NULL AUTO_INCREMENT,
  `elementId` int(11) NOT NULL,
  `locale` char(12) COLLATE utf8_unicode_ci NOT NULL,
  `title` varchar(255) COLLATE utf8_unicode_ci DEFAULT NULL,
  `field_about` text COLLATE utf8_unicode_ci DEFAULT NULL,
  `field_heroImageTitle` text COLLATE utf8_unicode_ci DEFAULT NULL,
  `field_description` text COLLATE utf8_unicode_ci DEFAULT NULL,
  `dateCreated` datetime NOT NULL,
  `dateUpdated` datetime NOT NULL,
  `uid` char(36) COLLATE utf8_unicode_ci NOT NULL DEFAULT '0',
  PRIMARY KEY (`id`),
  UNIQUE KEY `craft_content_elementId_locale_unq_idx` (`elementId`,`locale`),
  KEY `craft_content_title_idx` (`title`),
  KEY `craft_content_locale_fk` (`locale`)
) ENGINE=InnoDB AUTO_INCREMENT=11 DEFAULT CHARSET=utf8 COLLATE=utf8_unicode_ci;

--
-- Data for table `craft_content`
--

INSERT INTO `craft_content` (`id`, `elementId`, `locale`, `title`, `field_about`, `field_heroImageTitle`, `field_description`, `dateCreated`, `dateUpdated`, `uid`) VALUES
 ('1', '1', 'en_nz', NULL, NULL, NULL, NULL, '2017-09-28 06:55:51', '2017-09-28 06:55:51', 'b83c7221-eb72-4ddd-92c7-46ee576ab6d9'),
 ('2', '2', 'en_nz', 'Louis Ferens', 'Finding gratification in the creation and understanding of objects and designs. \r\n\r\nMy objectives are to be always expanding my knowledge and improving my skills so I can create functional, timeless and innovative designs.', NULL, NULL, '2017-09-28 06:55:53', '2017-09-28 19:53:30', 'f09488ed-490d-47e3-8933-66243805454f'),
 ('4', '4', 'en_nz', 'One 2 Zero', NULL, 'One 2 Zero', 'Operations and sales manager: Greta Anderson\r\n​\r\nBranding and marketing: Ruth Lever and Sarah Delfos\r\n \r\nDesigners and manufacturers: Louis Ferens and Callum Elson\r\n​\r\nFrying Pan 2.0\r\n​\r\nCast in a recycled frying pan, this bar stool features recycled local waste HDPE complemented by reclaimed locally sourced rimu and supported by bent steel tube.\r\n​\r\nThe Pan\r\n​\r\nThe frying pan 3.0 is %100 recycled. Using the same mould as the frying pan 2.0 this short stool uses reclaimed Rimu as a supporting material and a contrast to the HDPE base.\r\n​\r\nBaking Tray\r\n​\r\nThis low stool explores material possibilities and aesthetics. Cast in a recycled oven tray and supported by Pinus Radiata legs, the stool is a robust and low cost product.\r\n​\r\nDeep Dish\r\n​\r\nThe Deep Dish is our first stool prototype made from 120 HDPE bottle lids and caps sourced from local factory waste, heat pressed and moulded into a secondhand deep dish. ', '2017-09-28 21:38:17', '2017-09-28 23:55:09', '1bf7ea4b-9fb7-4e04-a8e4-3d7b17d56ab5'),
 ('6', '6', 'en_nz', 'One 2 Zero', NULL, NULL, NULL, '2017-09-28 21:43:02', '2017-09-28 21:43:02', 'e8e246cb-09f3-49f5-b297-9d662aea6f33'),
 ('7', '7', 'en_nz', 'The Gnarly Mahi', NULL, NULL, NULL, '2017-09-28 21:56:56', '2017-09-28 21:56:56', 'e0752d95-5bda-4360-bae9-2d904c256990'),
 ('8', '8', 'en_nz', 'The Gnarly Mahi', NULL, 'Side view', 'Description', '2017-09-28 21:57:05', '2017-09-29 04:00:49', 'c8b11ea9-8e6c-4e39-87f2-35614db30191'),
 ('9', '9', 'en_nz', 'Placeholder', NULL, NULL, NULL, '2017-09-28 22:10:36', '2017-09-28 22:10:36', '5193cc01-1fb2-470f-ac2b-b0f5cc12648e'),
 ('10', '13', 'en_nz', 'Test', NULL, 'Test', 'Test', '2017-09-29 04:01:16', '2017-09-29 04:01:16', '00368988-0cde-416f-b506-ea12dec7dc54');



DROP TABLE IF EXISTS `craft_deprecationerrors`;


--
-- Schema for table `craft_deprecationerrors`
--
CREATE TABLE `craft_deprecationerrors` (
  `id` int(11) NOT NULL AUTO_INCREMENT,
  `key` varchar(255) COLLATE utf8_unicode_ci NOT NULL,
  `fingerprint` varchar(255) COLLATE utf8_unicode_ci NOT NULL,
  `lastOccurrence` datetime NOT NULL,
  `file` varchar(255) COLLATE utf8_unicode_ci NOT NULL,
  `line` smallint(6) unsigned NOT NULL,
  `class` varchar(255) COLLATE utf8_unicode_ci DEFAULT NULL,
  `method` varchar(255) COLLATE utf8_unicode_ci DEFAULT NULL,
  `template` varchar(255) COLLATE utf8_unicode_ci DEFAULT NULL,
  `templateLine` smallint(6) unsigned DEFAULT NULL,
  `message` varchar(255) COLLATE utf8_unicode_ci DEFAULT NULL,
  `traces` text COLLATE utf8_unicode_ci DEFAULT NULL,
  `dateCreated` datetime NOT NULL,
  `dateUpdated` datetime NOT NULL,
  `uid` char(36) COLLATE utf8_unicode_ci NOT NULL DEFAULT '0',
  PRIMARY KEY (`id`),
  UNIQUE KEY `craft_deprecationerrors_key_fingerprint_unq_idx` (`key`,`fingerprint`)
) ENGINE=InnoDB DEFAULT CHARSET=utf8 COLLATE=utf8_unicode_ci;

DROP TABLE IF EXISTS `craft_elementindexsettings`;


--
-- Schema for table `craft_elementindexsettings`
--
CREATE TABLE `craft_elementindexsettings` (
  `id` int(11) NOT NULL AUTO_INCREMENT,
  `type` varchar(150) COLLATE utf8_unicode_ci NOT NULL,
  `settings` text COLLATE utf8_unicode_ci DEFAULT NULL,
  `dateCreated` datetime NOT NULL,
  `dateUpdated` datetime NOT NULL,
  `uid` char(36) COLLATE utf8_unicode_ci NOT NULL DEFAULT '0',
  PRIMARY KEY (`id`),
  UNIQUE KEY `craft_elementindexsettings_type_unq_idx` (`type`)
) ENGINE=InnoDB DEFAULT CHARSET=utf8 COLLATE=utf8_unicode_ci;

DROP TABLE IF EXISTS `craft_elements`;


--
-- Schema for table `craft_elements`
--
CREATE TABLE `craft_elements` (
  `id` int(11) NOT NULL AUTO_INCREMENT,
  `type` varchar(150) COLLATE utf8_unicode_ci NOT NULL,
  `enabled` tinyint(1) unsigned NOT NULL DEFAULT 1,
  `archived` tinyint(1) unsigned NOT NULL DEFAULT 0,
  `dateCreated` datetime NOT NULL,
  `dateUpdated` datetime NOT NULL,
  `uid` char(36) COLLATE utf8_unicode_ci NOT NULL DEFAULT '0',
  PRIMARY KEY (`id`),
  KEY `craft_elements_type_idx` (`type`),
  KEY `craft_elements_enabled_idx` (`enabled`),
  KEY `craft_elements_archived_dateCreated_idx` (`archived`,`dateCreated`)
) ENGINE=InnoDB AUTO_INCREMENT=15 DEFAULT CHARSET=utf8 COLLATE=utf8_unicode_ci;

--
-- Data for table `craft_elements`
--

INSERT INTO `craft_elements` (`id`, `type`, `enabled`, `archived`, `dateCreated`, `dateUpdated`, `uid`) VALUES
 ('1', 'User', '1', '0', '2017-09-28 06:55:51', '2017-09-28 06:55:51', 'd83bd5d6-5da0-4ed3-81ca-55d2937c9c79'),
 ('2', 'Entry', '1', '0', '2017-09-28 06:55:53', '2017-09-28 19:53:30', 'bc23303f-1ad8-4653-8984-baf0444e3eb5'),
 ('4', 'Entry', '1', '0', '2017-09-28 21:38:17', '2017-09-28 23:55:09', 'b26bf07c-4d6b-456f-980f-cd5e7222e979'),
 ('6', 'Asset', '1', '0', '2017-09-28 21:43:02', '2017-09-28 21:43:02', '8543a878-551e-4bd0-aca5-5d78b38d2425'),
 ('7', 'Asset', '1', '0', '2017-09-28 21:56:56', '2017-09-28 21:56:56', '1657e9f3-8bbb-4137-a4bb-fba233e56cce'),
 ('8', 'Entry', '1', '0', '2017-09-28 21:57:05', '2017-09-29 04:00:49', '89a71703-5a75-4d52-b1c4-e92885c2d4d5'),
 ('9', 'Asset', '1', '0', '2017-09-28 22:10:36', '2017-09-28 22:10:36', '973c1c59-7814-435e-8ed6-2ca7f2cba894'),
 ('10', 'MatrixBlock', '1', '0', '2017-09-28 23:55:10', '2017-09-28 23:55:10', '736d9dc7-8ce1-44b5-9568-83756e1a8cb9'),
 ('11', 'MatrixBlock', '1', '0', '2017-09-28 23:55:10', '2017-09-28 23:55:10', '9ff91789-a780-419b-94a9-d1698a1b5b2a'),
 ('12', 'MatrixBlock', '1', '0', '2017-09-29 04:00:49', '2017-09-29 04:00:49', '45d53080-2832-4e7a-a31e-af248efff5d6'),
 ('13', 'Entry', '1', '0', '2017-09-29 04:01:16', '2017-09-29 04:01:16', '2d96c679-869a-4614-bed8-d40649bb1e56'),
 ('14', 'MatrixBlock', '1', '0', '2017-09-29 04:01:16', '2017-09-29 04:01:16', 'd7ead22e-268d-4c0d-aa4b-f8e0ea6daa0a');



DROP TABLE IF EXISTS `craft_elements_i18n`;


--
-- Schema for table `craft_elements_i18n`
--
CREATE TABLE `craft_elements_i18n` (
  `id` int(11) NOT NULL AUTO_INCREMENT,
  `elementId` int(11) NOT NULL,
  `locale` char(12) COLLATE utf8_unicode_ci NOT NULL,
  `slug` varchar(255) COLLATE utf8_unicode_ci DEFAULT NULL,
  `uri` varchar(255) COLLATE utf8_unicode_ci DEFAULT NULL,
  `enabled` tinyint(1) unsigned NOT NULL DEFAULT 1,
  `dateCreated` datetime NOT NULL,
  `dateUpdated` datetime NOT NULL,
  `uid` char(36) COLLATE utf8_unicode_ci NOT NULL DEFAULT '0',
  PRIMARY KEY (`id`),
  UNIQUE KEY `craft_elements_i18n_elementId_locale_unq_idx` (`elementId`,`locale`),
  UNIQUE KEY `craft_elements_i18n_uri_locale_unq_idx` (`uri`,`locale`),
  KEY `craft_elements_i18n_slug_locale_idx` (`slug`,`locale`),
  KEY `craft_elements_i18n_enabled_idx` (`enabled`),
  KEY `craft_elements_i18n_locale_fk` (`locale`)
) ENGINE=InnoDB AUTO_INCREMENT=15 DEFAULT CHARSET=utf8 COLLATE=utf8_unicode_ci;

--
-- Data for table `craft_elements_i18n`
--

INSERT INTO `craft_elements_i18n` (`id`, `elementId`, `locale`, `slug`, `uri`, `enabled`, `dateCreated`, `dateUpdated`, `uid`) VALUES
 ('1', '1', 'en_nz', '', NULL, '1', '2017-09-28 06:55:51', '2017-09-28 06:55:51', '6432566e-f833-496b-be15-bfd0136c5de2'),
 ('2', '2', 'en_nz', 'homepage', '__home__', '1', '2017-09-28 06:55:53', '2017-09-28 19:53:30', 'ee762f32-75b2-4ba8-82f7-614192e410ec'),
 ('4', '4', 'en_nz', 'one-2-zero', 'work/one-2-zero', '1', '2017-09-28 21:38:17', '2017-09-28 23:55:10', 'ff2f39ff-b4fc-47e3-aa4e-02244f513f3e'),
 ('6', '6', 'en_nz', 'one-2-zero', NULL, '1', '2017-09-28 21:43:02', '2017-09-28 21:43:02', '5de8fa1a-8e67-4e79-a162-37a61dc5eb95'),
 ('7', '7', 'en_nz', 'the-gnarly-mahi', NULL, '1', '2017-09-28 21:56:56', '2017-09-28 21:56:56', '490ea292-9813-4188-b464-22bc940b3a5a'),
 ('8', '8', 'en_nz', 'the-gnarly-mahi', 'work/the-gnarly-mahi', '1', '2017-09-28 21:57:06', '2017-09-29 04:00:49', 'fdd157d2-bb55-4d42-a0f2-6343dfb21860'),
 ('9', '9', 'en_nz', 'placeholder', NULL, '1', '2017-09-28 22:10:36', '2017-09-28 22:10:36', '74cb2576-8c4d-46c8-aa60-6236d2d407ed'),
 ('10', '10', 'en_nz', '', NULL, '1', '2017-09-28 23:55:10', '2017-09-28 23:55:10', '82c79556-c9b2-4f01-96a5-801973a6b131'),
 ('11', '11', 'en_nz', '', NULL, '1', '2017-09-28 23:55:10', '2017-09-28 23:55:10', '4c6001f8-c8b2-4683-bf6b-c4f945f56d9a'),
 ('12', '12', 'en_nz', '', NULL, '1', '2017-09-29 04:00:49', '2017-09-29 04:00:49', '163ce395-2bbe-4507-9bdd-2e6846eeae40'),
 ('13', '13', 'en_nz', 'test', 'work/test', '1', '2017-09-29 04:01:16', '2017-09-29 04:01:18', '2621e0a0-faae-4159-ba91-7739571817b5'),
 ('14', '14', 'en_nz', '', NULL, '1', '2017-09-29 04:01:16', '2017-09-29 04:01:16', '2e7eab26-673b-4380-adcd-7e3088ba3281');



DROP TABLE IF EXISTS `craft_emailmessages`;


--
-- Schema for table `craft_emailmessages`
--
CREATE TABLE `craft_emailmessages` (
  `id` int(11) NOT NULL AUTO_INCREMENT,
  `key` char(150) COLLATE utf8_unicode_ci NOT NULL,
  `locale` char(12) COLLATE utf8_unicode_ci NOT NULL,
  `subject` varchar(1000) COLLATE utf8_unicode_ci NOT NULL,
  `body` text COLLATE utf8_unicode_ci NOT NULL,
  `dateCreated` datetime NOT NULL,
  `dateUpdated` datetime NOT NULL,
  `uid` char(36) COLLATE utf8_unicode_ci NOT NULL DEFAULT '0',
  PRIMARY KEY (`id`),
  UNIQUE KEY `craft_emailmessages_key_locale_unq_idx` (`key`,`locale`),
  KEY `craft_emailmessages_locale_fk` (`locale`)
) ENGINE=InnoDB DEFAULT CHARSET=utf8 COLLATE=utf8_unicode_ci;

DROP TABLE IF EXISTS `craft_entries`;


--
-- Schema for table `craft_entries`
--
CREATE TABLE `craft_entries` (
  `id` int(11) NOT NULL,
  `sectionId` int(11) NOT NULL,
  `typeId` int(11) DEFAULT NULL,
  `authorId` int(11) DEFAULT NULL,
  `postDate` datetime DEFAULT NULL,
  `expiryDate` datetime DEFAULT NULL,
  `dateCreated` datetime NOT NULL,
  `dateUpdated` datetime NOT NULL,
  `uid` char(36) COLLATE utf8_unicode_ci NOT NULL DEFAULT '0',
  PRIMARY KEY (`id`),
  KEY `craft_entries_sectionId_idx` (`sectionId`),
  KEY `craft_entries_typeId_idx` (`typeId`),
  KEY `craft_entries_postDate_idx` (`postDate`),
  KEY `craft_entries_expiryDate_idx` (`expiryDate`),
  KEY `craft_entries_authorId_fk` (`authorId`)
) ENGINE=InnoDB DEFAULT CHARSET=utf8 COLLATE=utf8_unicode_ci;

--
-- Data for table `craft_entries`
--

INSERT INTO `craft_entries` (`id`, `sectionId`, `typeId`, `authorId`, `postDate`, `expiryDate`, `dateCreated`, `dateUpdated`, `uid`) VALUES
 ('2', '1', '1', NULL, '2017-09-28 09:03:16', NULL, '2017-09-28 06:55:53', '2017-09-28 19:53:30', '07e38f29-8cbd-4849-ade5-bbb0ec4841f4'),
 ('4', '3', '3', '1', '2017-09-28 21:38:00', NULL, '2017-09-28 21:38:17', '2017-09-28 23:55:10', '0e0606ec-8b96-4d41-b7e4-f6e6ff9413b6'),
 ('8', '3', '3', '1', '2017-09-28 21:57:00', NULL, '2017-09-28 21:57:06', '2017-09-29 04:00:49', '012c8368-e9a0-4f99-8921-d3fe974ec087'),
 ('13', '3', '3', '1', '2017-09-29 04:01:16', NULL, '2017-09-29 04:01:16', '2017-09-29 04:01:16', 'd3b91666-777d-467b-868c-95f9ea52750e');



DROP TABLE IF EXISTS `craft_entrydrafts`;


--
-- Schema for table `craft_entrydrafts`
--
CREATE TABLE `craft_entrydrafts` (
  `id` int(11) NOT NULL AUTO_INCREMENT,
  `entryId` int(11) NOT NULL,
  `sectionId` int(11) NOT NULL,
  `creatorId` int(11) NOT NULL,
  `locale` char(12) COLLATE utf8_unicode_ci NOT NULL,
  `name` varchar(255) COLLATE utf8_unicode_ci NOT NULL,
  `notes` tinytext COLLATE utf8_unicode_ci DEFAULT NULL,
  `data` mediumtext COLLATE utf8_unicode_ci NOT NULL,
  `dateCreated` datetime NOT NULL,
  `dateUpdated` datetime NOT NULL,
  `uid` char(36) COLLATE utf8_unicode_ci NOT NULL DEFAULT '0',
  PRIMARY KEY (`id`),
  KEY `craft_entrydrafts_entryId_locale_idx` (`entryId`,`locale`),
  KEY `craft_entrydrafts_sectionId_fk` (`sectionId`),
  KEY `craft_entrydrafts_creatorId_fk` (`creatorId`),
  KEY `craft_entrydrafts_locale_fk` (`locale`)
) ENGINE=InnoDB DEFAULT CHARSET=utf8 COLLATE=utf8_unicode_ci;

DROP TABLE IF EXISTS `craft_entrytypes`;


--
-- Schema for table `craft_entrytypes`
--
CREATE TABLE `craft_entrytypes` (
  `id` int(11) NOT NULL AUTO_INCREMENT,
  `sectionId` int(11) NOT NULL,
  `fieldLayoutId` int(11) DEFAULT NULL,
  `name` varchar(255) COLLATE utf8_unicode_ci NOT NULL,
  `handle` varchar(255) COLLATE utf8_unicode_ci NOT NULL,
  `hasTitleField` tinyint(1) unsigned NOT NULL DEFAULT 1,
  `titleLabel` varchar(255) COLLATE utf8_unicode_ci DEFAULT 'Title',
  `titleFormat` varchar(255) COLLATE utf8_unicode_ci DEFAULT NULL,
  `sortOrder` smallint(6) unsigned DEFAULT NULL,
  `dateCreated` datetime NOT NULL,
  `dateUpdated` datetime NOT NULL,
  `uid` char(36) COLLATE utf8_unicode_ci NOT NULL DEFAULT '0',
  PRIMARY KEY (`id`),
  UNIQUE KEY `craft_entrytypes_name_sectionId_unq_idx` (`name`,`sectionId`),
  UNIQUE KEY `craft_entrytypes_handle_sectionId_unq_idx` (`handle`,`sectionId`),
  KEY `craft_entrytypes_sectionId_fk` (`sectionId`),
  KEY `craft_entrytypes_fieldLayoutId_fk` (`fieldLayoutId`)
) ENGINE=InnoDB AUTO_INCREMENT=4 DEFAULT CHARSET=utf8 COLLATE=utf8_unicode_ci;

--
-- Data for table `craft_entrytypes`
--

INSERT INTO `craft_entrytypes` (`id`, `sectionId`, `fieldLayoutId`, `name`, `handle`, `hasTitleField`, `titleLabel`, `titleFormat`, `sortOrder`, `dateCreated`, `dateUpdated`, `uid`) VALUES
 ('1', '1', '6', 'Home', 'homepage', '1', 'Title', NULL, '1', '2017-09-28 06:55:53', '2017-09-28 09:17:32', '4f29a7c2-2ea2-4050-b140-ee939d1a4697'),
 ('3', '3', '11', 'Work', 'work', '1', 'Title', NULL, '1', '2017-09-28 21:30:00', '2017-09-28 23:50:16', '5824d5f6-d680-4f33-a737-879de90b83eb');



DROP TABLE IF EXISTS `craft_entryversions`;


--
-- Schema for table `craft_entryversions`
--
CREATE TABLE `craft_entryversions` (
  `id` int(11) NOT NULL AUTO_INCREMENT,
  `entryId` int(11) NOT NULL,
  `sectionId` int(11) NOT NULL,
  `creatorId` int(11) DEFAULT NULL,
  `locale` char(12) COLLATE utf8_unicode_ci NOT NULL,
  `num` smallint(6) unsigned NOT NULL,
  `notes` tinytext COLLATE utf8_unicode_ci DEFAULT NULL,
  `data` mediumtext COLLATE utf8_unicode_ci NOT NULL,
  `dateCreated` datetime NOT NULL,
  `dateUpdated` datetime NOT NULL,
  `uid` char(36) COLLATE utf8_unicode_ci NOT NULL DEFAULT '0',
  PRIMARY KEY (`id`),
  KEY `craft_entryversions_entryId_locale_idx` (`entryId`,`locale`),
  KEY `craft_entryversions_sectionId_fk` (`sectionId`),
  KEY `craft_entryversions_creatorId_fk` (`creatorId`),
  KEY `craft_entryversions_locale_fk` (`locale`)
) ENGINE=InnoDB AUTO_INCREMENT=18 DEFAULT CHARSET=utf8 COLLATE=utf8_unicode_ci;

--
-- Data for table `craft_entryversions`
--

INSERT INTO `craft_entryversions` (`id`, `entryId`, `sectionId`, `creatorId`, `locale`, `num`, `notes`, `data`, `dateCreated`, `dateUpdated`, `uid`) VALUES
 ('1', '2', '1', '1', 'en_nz', '1', NULL, '{\"typeId\":\"1\",\"authorId\":null,\"title\":\"Homepage\",\"slug\":\"homepage\",\"postDate\":1506581753,\"expiryDate\":null,\"enabled\":1,\"parentId\":null,\"fields\":[]}', '2017-09-28 06:55:53', '2017-09-28 06:55:53', 'd0e7ed8f-5543-481f-af67-18e3b74d11d1'),
 ('2', '2', '1', '1', 'en_nz', '2', NULL, '{\"typeId\":null,\"authorId\":null,\"title\":\"Welcome to Louis.dev!\",\"slug\":\"homepage\",\"postDate\":1506581753,\"expiryDate\":null,\"enabled\":\"1\",\"parentId\":null,\"fields\":{\"1\":\"<p>It\\u2019s true, this site doesn\\u2019t have a whole lot of content yet, but don\\u2019t worry. Our web developers have just installed the CMS, and they\\u2019re setting things up for the content editors this very moment. Soon Louis.dev will be an oasis of fresh perspectives, sharp analyses, and astute opinions that will keep you coming back again and again.<\\/p>\"}}', '2017-09-28 06:55:53', '2017-09-28 06:55:53', '2fcc9598-0d16-4b2f-beea-45951949e0a6'),
 ('4', '2', '1', '1', 'en_nz', '3', '', '{\"typeId\":null,\"authorId\":null,\"title\":\"Louis\",\"slug\":\"homepage\",\"postDate\":1506581753,\"expiryDate\":null,\"enabled\":1,\"parentId\":null,\"fields\":{\"1\":\"<p>It\\u2019s true, this site doesn\\u2019t have a whole lot of content yet, but don\\u2019t worry. Our web developers have just installed the CMS, and they\\u2019re setting things up for the content editors this very moment. Soon Louis.dev will be an oasis of fresh perspectives, sharp analyses, and astute opinions that will keep you coming back again and again.<\\/p>\"}}', '2017-09-28 08:33:27', '2017-09-28 08:33:27', 'd0193b8f-baa8-42ae-b904-c4107f693ed6'),
 ('5', '2', '1', '1', 'en_nz', '4', '', '{\"typeId\":\"1\",\"authorId\":null,\"title\":\"Louis Ferens\",\"slug\":\"homepage\",\"postDate\":1506589396,\"expiryDate\":null,\"enabled\":1,\"parentId\":null,\"fields\":{\"1\":\"<p>It\\u2019s true, this site doesn\\u2019t have a whole lot of content yet, but don\\u2019t worry. Our web developers have just installed the CMS, and they\\u2019re setting things up for the content editors this very moment. Soon Louis.dev will be an oasis of fresh perspectives, sharp analyses, and astute opinions that will keep you coming back again and again.<\\/p>\"}}', '2017-09-28 09:03:26', '2017-09-28 09:03:26', 'e37250ca-2e35-4214-821e-9c71cd1737ba'),
 ('6', '2', '1', '1', 'en_nz', '5', '', '{\"typeId\":\"1\",\"authorId\":null,\"title\":\"Louis Ferens\",\"slug\":\"homepage\",\"postDate\":1506589396,\"expiryDate\":null,\"enabled\":1,\"parentId\":null,\"fields\":{\"3\":\"Finding gratification in the creation and understanding of objects and designs. My objectives are to be always expanding my knowledge and improving my skills so I can create functional, timeless and innovative designs.\"}}', '2017-09-28 09:18:29', '2017-09-28 09:18:29', '60fd43cc-c595-4ddc-abc9-1979c9c0ef05'),
 ('7', '2', '1', '1', 'en_nz', '6', '', '{\"typeId\":\"1\",\"authorId\":null,\"title\":\"Louis Ferens\",\"slug\":\"homepage\",\"postDate\":1506589396,\"expiryDate\":null,\"enabled\":1,\"parentId\":null,\"fields\":{\"3\":\"Finding gratification in the creation and understanding of objects and designs. \\r\\n\\r\\nMy objectives are to be always expanding my knowledge and improving my skills so I can create functional, timeless and innovative designs.\"}}', '2017-09-28 19:53:30', '2017-09-28 19:53:30', 'e617628c-6bdd-4a20-a376-b3b22784becc'),
 ('8', '4', '3', '1', 'en_nz', '1', '', '{\"typeId\":null,\"authorId\":\"1\",\"title\":\"One 2 Zero\",\"slug\":\"one-2-zero\",\"postDate\":1506634697,\"expiryDate\":null,\"enabled\":1,\"parentId\":null,\"fields\":[]}', '2017-09-28 21:38:17', '2017-09-28 21:38:17', '00543f6a-a3c4-4a61-b6dc-602163e58b36'),
 ('9', '4', '3', '1', 'en_nz', '2', '', '{\"typeId\":\"3\",\"authorId\":\"1\",\"title\":\"One 2 Zero\",\"slug\":\"one-2-zero\",\"postDate\":1506634680,\"expiryDate\":null,\"enabled\":1,\"parentId\":null,\"fields\":{\"4\":[\"6\"]}}', '2017-09-28 21:43:13', '2017-09-28 21:43:13', '0697a6bb-c7ea-4148-bf13-3071d461b69b'),
 ('10', '8', '3', '1', 'en_nz', '1', '', '{\"typeId\":null,\"authorId\":\"1\",\"title\":\"The Gnarly Mahi\",\"slug\":\"the-gnarly-mahi\",\"postDate\":1506635825,\"expiryDate\":null,\"enabled\":1,\"parentId\":null,\"fields\":{\"4\":[\"7\"],\"5\":\"Side view\"}}', '2017-09-28 21:57:06', '2017-09-28 21:57:06', '8059db92-1c78-4f19-b613-a69edd084356'),
 ('11', '4', '3', '1', 'en_nz', '3', '', '{\"typeId\":\"3\",\"authorId\":\"1\",\"title\":\"One 2 Zero\",\"slug\":\"one-2-zero\",\"postDate\":1506634680,\"expiryDate\":null,\"enabled\":1,\"parentId\":null,\"fields\":{\"4\":[\"9\"],\"5\":\"One 2 Zero\"}}', '2017-09-28 22:10:42', '2017-09-28 22:10:42', 'a05fcf05-a00f-4e85-8d8a-bf069fb40e18'),
 ('12', '8', '3', '1', 'en_nz', '2', '', '{\"typeId\":\"3\",\"authorId\":\"1\",\"title\":\"The Gnarly Mahi\",\"slug\":\"the-gnarly-mahi\",\"postDate\":1506635820,\"expiryDate\":null,\"enabled\":1,\"parentId\":null,\"fields\":{\"4\":[\"9\"],\"5\":\"Side view\"}}', '2017-09-28 22:10:51', '2017-09-28 22:10:51', 'e20d2a28-075d-4b04-9935-4050990ae892'),
 ('13', '4', '3', '1', 'en_nz', '4', '', '{\"typeId\":\"3\",\"authorId\":\"1\",\"title\":\"One 2 Zero\",\"slug\":\"one-2-zero\",\"postDate\":1506634680,\"expiryDate\":null,\"enabled\":1,\"parentId\":null,\"fields\":{\"6\":\"Operations and sales manager: Greta Anderson\\r\\n\\u200b\\r\\nBranding and marketing; Ruth Lever and Sarah Delfos\\r\\n \\r\\nDesigners and manufacturers: Louis Ferens and Callum Elson\\r\\n\\u200b\\r\\nFrying Pan 2.0\\r\\n\\u200b\\r\\nCast in a recycled frying pan, this bar stool features recycled local waste HDPE complemented by reclaimed locally sourced rimu and supported by bent steel tube.\\r\\n\\u200b\\r\\nThe Pan\\r\\n\\u200b\\r\\nThe frying pan 3.0 is %100 recycled. Using the same mould as the frying pan 2.0 this short stool uses reclaimed Rimu as a supporting material and a contrast to the HDPE base.\\r\\n\\u200b\\r\\nBaking Tray\\r\\n\\u200b\\r\\nThis low stool explores material possibilities and aesthetics. Cast in a recycled oven tray and supported by Pinus Radiata legs, the stool is a robust and low cost product.\\r\\n\\u200b\\r\\nDeep Dish\\r\\n\\u200b\\r\\nThe Deep Dish is our first stool prototype made from 120 HDPE bottle lids and caps sourced from local factory waste, heat pressed and moulded into a secondhand deep dish. \",\"7\":\"\",\"4\":[\"9\"],\"5\":\"One 2 Zero\"}}', '2017-09-28 23:52:52', '2017-09-28 23:52:52', '87d6afa9-3702-4e51-9c2e-bd998de29519'),
 ('14', '4', '3', '1', 'en_nz', '5', '', '{\"typeId\":\"3\",\"authorId\":\"1\",\"title\":\"One 2 Zero\",\"slug\":\"one-2-zero\",\"postDate\":1506634680,\"expiryDate\":null,\"enabled\":1,\"parentId\":null,\"fields\":{\"6\":\"Operations and sales manager: Greta Anderson\\r\\n\\u200b\\r\\nBranding and marketing: Ruth Lever and Sarah Delfos\\r\\n \\r\\nDesigners and manufacturers: Louis Ferens and Callum Elson\\r\\n\\u200b\\r\\nFrying Pan 2.0\\r\\n\\u200b\\r\\nCast in a recycled frying pan, this bar stool features recycled local waste HDPE complemented by reclaimed locally sourced rimu and supported by bent steel tube.\\r\\n\\u200b\\r\\nThe Pan\\r\\n\\u200b\\r\\nThe frying pan 3.0 is %100 recycled. Using the same mould as the frying pan 2.0 this short stool uses reclaimed Rimu as a supporting material and a contrast to the HDPE base.\\r\\n\\u200b\\r\\nBaking Tray\\r\\n\\u200b\\r\\nThis low stool explores material possibilities and aesthetics. Cast in a recycled oven tray and supported by Pinus Radiata legs, the stool is a robust and low cost product.\\r\\n\\u200b\\r\\nDeep Dish\\r\\n\\u200b\\r\\nThe Deep Dish is our first stool prototype made from 120 HDPE bottle lids and caps sourced from local factory waste, heat pressed and moulded into a secondhand deep dish. \",\"7\":\"\",\"4\":[\"9\"],\"5\":\"One 2 Zero\"}}', '2017-09-28 23:54:43', '2017-09-28 23:54:43', 'bbb9e648-7156-44b4-b4c1-10b89922ea55'),
 ('15', '4', '3', '1', 'en_nz', '6', '', '{\"typeId\":\"3\",\"authorId\":\"1\",\"title\":\"One 2 Zero\",\"slug\":\"one-2-zero\",\"postDate\":1506634680,\"expiryDate\":null,\"enabled\":1,\"parentId\":null,\"fields\":{\"6\":\"Operations and sales manager: Greta Anderson\\r\\n\\u200b\\r\\nBranding and marketing: Ruth Lever and Sarah Delfos\\r\\n \\r\\nDesigners and manufacturers: Louis Ferens and Callum Elson\\r\\n\\u200b\\r\\nFrying Pan 2.0\\r\\n\\u200b\\r\\nCast in a recycled frying pan, this bar stool features recycled local waste HDPE complemented by reclaimed locally sourced rimu and supported by bent steel tube.\\r\\n\\u200b\\r\\nThe Pan\\r\\n\\u200b\\r\\nThe frying pan 3.0 is %100 recycled. Using the same mould as the frying pan 2.0 this short stool uses reclaimed Rimu as a supporting material and a contrast to the HDPE base.\\r\\n\\u200b\\r\\nBaking Tray\\r\\n\\u200b\\r\\nThis low stool explores material possibilities and aesthetics. Cast in a recycled oven tray and supported by Pinus Radiata legs, the stool is a robust and low cost product.\\r\\n\\u200b\\r\\nDeep Dish\\r\\n\\u200b\\r\\nThe Deep Dish is our first stool prototype made from 120 HDPE bottle lids and caps sourced from local factory waste, heat pressed and moulded into a secondhand deep dish. \",\"7\":{\"new1\":{\"type\":\"gallery\",\"enabled\":\"1\",\"fields\":{\"galleryImage\":[\"9\"],\"imageTitle\":\"Placeholder\"}},\"new2\":{\"type\":\"gallery\",\"enabled\":\"1\",\"fields\":{\"galleryImage\":[\"9\"],\"imageTitle\":\"Placeholder\"}}},\"4\":[\"9\"],\"5\":\"One 2 Zero\"}}', '2017-09-28 23:55:10', '2017-09-28 23:55:10', '5bb2f41d-3e66-4e52-97fd-d5972e3aa4c6'),
 ('16', '8', '3', '1', 'en_nz', '3', '', '{\"typeId\":\"3\",\"authorId\":\"1\",\"title\":\"The Gnarly Mahi\",\"slug\":\"the-gnarly-mahi\",\"postDate\":1506635820,\"expiryDate\":null,\"enabled\":1,\"parentId\":null,\"fields\":{\"6\":\"Description\",\"7\":{\"new1\":{\"type\":\"gallery\",\"enabled\":\"1\",\"fields\":{\"galleryImage\":[\"9\"],\"imageTitle\":\"Placeholder\"}}},\"4\":[\"9\"],\"5\":\"Side view\"}}', '2017-09-29 04:00:49', '2017-09-29 04:00:49', '0d60b905-7793-497e-8d8b-987ce2c45053'),
 ('17', '13', '3', '1', 'en_nz', '1', '', '{\"typeId\":null,\"authorId\":\"1\",\"title\":\"Test\",\"slug\":\"test\",\"postDate\":1506657676,\"expiryDate\":null,\"enabled\":1,\"parentId\":null,\"fields\":{\"6\":\"Test\",\"7\":{\"new1\":{\"type\":\"gallery\",\"enabled\":\"1\",\"fields\":{\"galleryImage\":[\"9\"],\"imageTitle\":\"Test\"}}},\"4\":[\"9\"],\"5\":\"Test\"}}', '2017-09-29 04:01:16', '2017-09-29 04:01:16', '266d830e-86e6-46c8-b86a-1a86bb171c05');



DROP TABLE IF EXISTS `craft_fieldgroups`;


--
-- Schema for table `craft_fieldgroups`
--
CREATE TABLE `craft_fieldgroups` (
  `id` int(11) NOT NULL AUTO_INCREMENT,
  `name` varchar(255) COLLATE utf8_unicode_ci NOT NULL,
  `dateCreated` datetime NOT NULL,
  `dateUpdated` datetime NOT NULL,
  `uid` char(36) COLLATE utf8_unicode_ci NOT NULL DEFAULT '0',
  PRIMARY KEY (`id`),
  UNIQUE KEY `craft_fieldgroups_name_unq_idx` (`name`)
) ENGINE=InnoDB AUTO_INCREMENT=3 DEFAULT CHARSET=utf8 COLLATE=utf8_unicode_ci;

--
-- Data for table `craft_fieldgroups`
--

INSERT INTO `craft_fieldgroups` (`id`, `name`, `dateCreated`, `dateUpdated`, `uid`) VALUES
 ('1', 'Default', '2017-09-28 06:55:53', '2017-09-28 06:55:53', 'e2841622-3db0-480a-b793-f1d9b0aae7b8'),
 ('2', 'Work', '2017-09-28 21:31:24', '2017-09-28 21:31:24', 'af7bfb65-8f6a-43c3-9e6b-c94ac00fcbd1');



DROP TABLE IF EXISTS `craft_fieldlayoutfields`;


--
-- Schema for table `craft_fieldlayoutfields`
--
CREATE TABLE `craft_fieldlayoutfields` (
  `id` int(11) NOT NULL AUTO_INCREMENT,
  `layoutId` int(11) NOT NULL,
  `tabId` int(11) NOT NULL,
  `fieldId` int(11) NOT NULL,
  `required` tinyint(1) unsigned NOT NULL DEFAULT 0,
  `sortOrder` smallint(6) unsigned DEFAULT NULL,
  `dateCreated` datetime NOT NULL,
  `dateUpdated` datetime NOT NULL,
  `uid` char(36) COLLATE utf8_unicode_ci NOT NULL DEFAULT '0',
  PRIMARY KEY (`id`),
  UNIQUE KEY `craft_fieldlayoutfields_layoutId_fieldId_unq_idx` (`layoutId`,`fieldId`),
  KEY `craft_fieldlayoutfields_sortOrder_idx` (`sortOrder`),
  KEY `craft_fieldlayoutfields_tabId_fk` (`tabId`),
  KEY `craft_fieldlayoutfields_fieldId_fk` (`fieldId`)
) ENGINE=InnoDB AUTO_INCREMENT=14 DEFAULT CHARSET=utf8 COLLATE=utf8_unicode_ci;

--
-- Data for table `craft_fieldlayoutfields`
--

INSERT INTO `craft_fieldlayoutfields` (`id`, `layoutId`, `tabId`, `fieldId`, `required`, `sortOrder`, `dateCreated`, `dateUpdated`, `uid`) VALUES
 ('4', '6', '3', '3', '0', '1', '2017-09-28 09:17:32', '2017-09-28 09:17:32', 'd84a0f06-973c-4ad6-93a2-5f187692e829'),
 ('8', '11', '6', '4', '0', '1', '2017-09-28 23:50:16', '2017-09-28 23:50:16', 'aa3c9728-deb6-4259-b3ca-18c4e5c0695e'),
 ('9', '11', '6', '5', '0', '2', '2017-09-28 23:50:16', '2017-09-28 23:50:16', 'e2e87d1f-bd85-48d9-a1a2-9f76af1b8edc'),
 ('10', '11', '6', '6', '0', '3', '2017-09-28 23:50:16', '2017-09-28 23:50:16', '1dc164e4-454c-4c24-b143-d6b2099c4f28'),
 ('11', '11', '6', '7', '0', '4', '2017-09-28 23:50:16', '2017-09-28 23:50:16', 'a6ca0bce-97f6-4d4f-89df-3b1fec2ede1b'),
 ('12', '12', '7', '8', '1', '1', '2017-09-28 23:51:28', '2017-09-28 23:51:28', '5d7a6456-002d-4f2d-8326-8ee944d88554'),
 ('13', '12', '7', '9', '1', '2', '2017-09-28 23:51:28', '2017-09-28 23:51:28', '5b206351-a189-49a1-94c3-775a397f8c83');



DROP TABLE IF EXISTS `craft_fieldlayouts`;


--
-- Schema for table `craft_fieldlayouts`
--
CREATE TABLE `craft_fieldlayouts` (
  `id` int(11) NOT NULL AUTO_INCREMENT,
  `type` varchar(150) COLLATE utf8_unicode_ci NOT NULL,
  `dateCreated` datetime NOT NULL,
  `dateUpdated` datetime NOT NULL,
  `uid` char(36) COLLATE utf8_unicode_ci NOT NULL DEFAULT '0',
  PRIMARY KEY (`id`),
  KEY `craft_fieldlayouts_type_idx` (`type`)
) ENGINE=InnoDB AUTO_INCREMENT=13 DEFAULT CHARSET=utf8 COLLATE=utf8_unicode_ci;

--
-- Data for table `craft_fieldlayouts`
--

INSERT INTO `craft_fieldlayouts` (`id`, `type`, `dateCreated`, `dateUpdated`, `uid`) VALUES
 ('1', 'Tag', '2017-09-28 06:55:53', '2017-09-28 06:55:53', '6aa7518c-cd18-4561-bb77-a79b9c828f54'),
 ('6', 'Entry', '2017-09-28 09:17:32', '2017-09-28 09:17:32', '5d2a171e-ac44-41bd-88ab-36ea50227e0d'),
 ('8', 'Asset', '2017-09-28 21:36:45', '2017-09-28 21:36:45', 'e6cb6982-eff1-451c-aa78-fda8fb955334'),
 ('11', 'Entry', '2017-09-28 23:50:16', '2017-09-28 23:50:16', '95b9f927-0017-4123-856f-ce208fbfd418'),
 ('12', 'MatrixBlock', '2017-09-28 23:51:28', '2017-09-28 23:51:28', 'cd5f61f7-8d1a-4cc1-809b-9e64b646e652');



DROP TABLE IF EXISTS `craft_fieldlayouttabs`;


--
-- Schema for table `craft_fieldlayouttabs`
--
CREATE TABLE `craft_fieldlayouttabs` (
  `id` int(11) NOT NULL AUTO_INCREMENT,
  `layoutId` int(11) NOT NULL,
  `name` varchar(255) COLLATE utf8_unicode_ci NOT NULL,
  `sortOrder` smallint(6) unsigned DEFAULT NULL,
  `dateCreated` datetime NOT NULL,
  `dateUpdated` datetime NOT NULL,
  `uid` char(36) COLLATE utf8_unicode_ci NOT NULL DEFAULT '0',
  PRIMARY KEY (`id`),
  KEY `craft_fieldlayouttabs_sortOrder_idx` (`sortOrder`),
  KEY `craft_fieldlayouttabs_layoutId_fk` (`layoutId`)
) ENGINE=InnoDB AUTO_INCREMENT=8 DEFAULT CHARSET=utf8 COLLATE=utf8_unicode_ci;

--
-- Data for table `craft_fieldlayouttabs`
--

INSERT INTO `craft_fieldlayouttabs` (`id`, `layoutId`, `name`, `sortOrder`, `dateCreated`, `dateUpdated`, `uid`) VALUES
 ('3', '6', 'Content', '1', '2017-09-28 09:17:32', '2017-09-28 09:17:32', 'c3626115-9dd1-4206-b7a5-6b42c35f3e03'),
 ('6', '11', 'Content', '1', '2017-09-28 23:50:16', '2017-09-28 23:50:16', '53420ffb-4472-445a-a2b8-a4fc35da0ff9'),
 ('7', '12', 'Content', '1', '2017-09-28 23:51:28', '2017-09-28 23:51:28', '7c5ee48e-26f4-423a-858e-6eb2f0d1acb9');



DROP TABLE IF EXISTS `craft_fields`;


--
-- Schema for table `craft_fields`
--
CREATE TABLE `craft_fields` (
  `id` int(11) NOT NULL AUTO_INCREMENT,
  `groupId` int(11) DEFAULT NULL,
  `name` varchar(255) COLLATE utf8_unicode_ci NOT NULL,
  `handle` varchar(58) COLLATE utf8_unicode_ci NOT NULL,
  `context` varchar(255) COLLATE utf8_unicode_ci NOT NULL DEFAULT 'global',
  `instructions` text COLLATE utf8_unicode_ci DEFAULT NULL,
  `translatable` tinyint(1) unsigned NOT NULL DEFAULT 0,
  `type` varchar(150) COLLATE utf8_unicode_ci NOT NULL,
  `settings` text COLLATE utf8_unicode_ci DEFAULT NULL,
  `dateCreated` datetime NOT NULL,
  `dateUpdated` datetime NOT NULL,
  `uid` char(36) COLLATE utf8_unicode_ci NOT NULL DEFAULT '0',
  PRIMARY KEY (`id`),
  UNIQUE KEY `craft_fields_handle_context_unq_idx` (`handle`,`context`),
  KEY `craft_fields_context_idx` (`context`),
  KEY `craft_fields_groupId_fk` (`groupId`)
) ENGINE=InnoDB AUTO_INCREMENT=10 DEFAULT CHARSET=utf8 COLLATE=utf8_unicode_ci;

--
-- Data for table `craft_fields`
--

INSERT INTO `craft_fields` (`id`, `groupId`, `name`, `handle`, `context`, `instructions`, `translatable`, `type`, `settings`, `dateCreated`, `dateUpdated`, `uid`) VALUES
 ('2', '1', 'Tags', 'tags', 'global', NULL, '0', 'Tags', '{\"source\":\"taggroup:1\"}', '2017-09-28 06:55:53', '2017-09-28 06:55:53', 'f74b0472-9656-4e2a-9bfe-ccac45ae4be7'),
 ('3', '1', 'About', 'about', 'global', '', '0', 'PlainText', '{\"placeholder\":\"\",\"maxLength\":\"\",\"multiline\":\"1\",\"initialRows\":\"4\"}', '2017-09-28 09:17:15', '2017-09-28 09:17:15', '3f37d833-fe80-4281-8155-4e55b1be9a11'),
 ('4', '2', 'Hero Image', 'heroImage', 'global', '', '0', 'Assets', '{\"useSingleFolder\":\"1\",\"sources\":\"*\",\"defaultUploadLocationSource\":\"1\",\"defaultUploadLocationSubpath\":\"\",\"singleUploadLocationSource\":\"1\",\"singleUploadLocationSubpath\":\"\",\"restrictFiles\":\"1\",\"allowedKinds\":[\"image\"],\"limit\":\"1\",\"viewMode\":\"large\",\"selectionLabel\":\"\"}', '2017-09-28 21:37:21', '2017-09-28 21:37:21', 'e108780c-5f0a-4edc-b3a9-021bbb2b7b7e'),
 ('5', '2', 'Hero Image Title', 'heroImageTitle', 'global', '', '0', 'PlainText', '{\"placeholder\":\"\",\"maxLength\":\"\",\"multiline\":\"\",\"initialRows\":\"4\"}', '2017-09-28 21:46:37', '2017-09-28 21:46:37', '84ded089-ebcc-41c5-9f65-226279beafb3'),
 ('6', '2', 'Description', 'description', 'global', '', '0', 'PlainText', '{\"placeholder\":\"\",\"maxLength\":\"\",\"multiline\":\"1\",\"initialRows\":\"8\"}', '2017-09-28 23:49:39', '2017-09-28 23:49:39', '920379ca-5497-4f30-acd2-3f458c191101'),
 ('7', '2', 'Gallery', 'gallery', 'global', '', '0', 'Matrix', '{\"maxBlocks\":null}', '2017-09-28 23:50:01', '2017-09-28 23:51:28', '53591d5a-8de2-42f6-a2ce-298e1259b565'),
 ('8', NULL, 'Gallery Image', 'galleryImage', 'matrixBlockType:1', '', '0', 'Assets', '{\"useSingleFolder\":\"1\",\"sources\":\"*\",\"defaultUploadLocationSource\":\"1\",\"defaultUploadLocationSubpath\":\"\",\"singleUploadLocationSource\":\"1\",\"singleUploadLocationSubpath\":\"\",\"restrictFiles\":\"1\",\"allowedKinds\":[\"image\"],\"limit\":\"1\",\"viewMode\":\"large\",\"selectionLabel\":\"\"}', '2017-09-28 23:51:28', '2017-09-28 23:51:28', 'ce0a2e09-bf2d-47a6-928e-1a856b27da0f'),
 ('9', NULL, 'Image Title', 'imageTitle', 'matrixBlockType:1', '', '0', 'PlainText', '{\"placeholder\":\"\",\"maxLength\":\"\",\"multiline\":\"\",\"initialRows\":\"4\"}', '2017-09-28 23:51:28', '2017-09-28 23:51:28', 'c1dc95a9-a2eb-4433-ac2f-2a13dc7b7ae9');



DROP TABLE IF EXISTS `craft_globalsets`;


--
-- Schema for table `craft_globalsets`
--
CREATE TABLE `craft_globalsets` (
  `id` int(11) NOT NULL,
  `name` varchar(255) COLLATE utf8_unicode_ci NOT NULL,
  `handle` varchar(255) COLLATE utf8_unicode_ci NOT NULL,
  `fieldLayoutId` int(10) DEFAULT NULL,
  `dateCreated` datetime NOT NULL,
  `dateUpdated` datetime NOT NULL,
  `uid` char(36) COLLATE utf8_unicode_ci NOT NULL DEFAULT '0',
  PRIMARY KEY (`id`),
  UNIQUE KEY `craft_globalsets_name_unq_idx` (`name`),
  UNIQUE KEY `craft_globalsets_handle_unq_idx` (`handle`),
  KEY `craft_globalsets_fieldLayoutId_fk` (`fieldLayoutId`)
) ENGINE=InnoDB DEFAULT CHARSET=utf8 COLLATE=utf8_unicode_ci;

DROP TABLE IF EXISTS `craft_info`;


--
-- Schema for table `craft_info`
--
CREATE TABLE `craft_info` (
  `id` int(11) NOT NULL AUTO_INCREMENT,
  `version` varchar(50) COLLATE utf8_unicode_ci NOT NULL,
  `schemaVersion` varchar(15) COLLATE utf8_unicode_ci NOT NULL,
  `edition` tinyint(1) unsigned NOT NULL DEFAULT 0,
  `siteName` varchar(100) COLLATE utf8_unicode_ci NOT NULL,
  `siteUrl` varchar(255) COLLATE utf8_unicode_ci NOT NULL,
  `timezone` varchar(30) COLLATE utf8_unicode_ci DEFAULT NULL,
  `on` tinyint(1) unsigned NOT NULL DEFAULT 0,
  `maintenance` tinyint(1) unsigned NOT NULL DEFAULT 0,
  `dateCreated` datetime NOT NULL,
  `dateUpdated` datetime NOT NULL,
  `uid` char(36) COLLATE utf8_unicode_ci NOT NULL DEFAULT '0',
  PRIMARY KEY (`id`)
) ENGINE=InnoDB AUTO_INCREMENT=2 DEFAULT CHARSET=utf8 COLLATE=utf8_unicode_ci;

--
-- Data for table `craft_info`
--

INSERT INTO `craft_info` (`id`, `version`, `schemaVersion`, `edition`, `siteName`, `siteUrl`, `timezone`, `on`, `maintenance`, `dateCreated`, `dateUpdated`, `uid`) VALUES
 ('1', '2.6.2990', '2.6.10', '0', 'Louis Ferens', 'http://louis.dev', 'Pacific/Auckland', '1', '0', '2017-09-28 06:55:50', '2017-09-28 09:09:04', 'cd16c94a-4684-4a99-a4d3-cad5b09217fb');



DROP TABLE IF EXISTS `craft_locales`;


--
-- Schema for table `craft_locales`
--
CREATE TABLE `craft_locales` (
  `locale` char(12) COLLATE utf8_unicode_ci NOT NULL,
  `sortOrder` smallint(6) unsigned DEFAULT NULL,
  `dateCreated` datetime NOT NULL,
  `dateUpdated` datetime NOT NULL,
  `uid` char(36) COLLATE utf8_unicode_ci NOT NULL DEFAULT '0',
  PRIMARY KEY (`locale`),
  KEY `craft_locales_sortOrder_idx` (`sortOrder`)
) ENGINE=InnoDB DEFAULT CHARSET=utf8 COLLATE=utf8_unicode_ci;

--
-- Data for table `craft_locales`
--

INSERT INTO `craft_locales` (`locale`, `sortOrder`, `dateCreated`, `dateUpdated`, `uid`) VALUES
 ('en_nz', '1', '2017-09-28 06:55:50', '2017-09-28 06:55:50', '800e979d-8c0a-4a30-bb3f-a4173033409d');



DROP TABLE IF EXISTS `craft_matrixblocks`;


--
-- Schema for table `craft_matrixblocks`
--
CREATE TABLE `craft_matrixblocks` (
  `id` int(11) NOT NULL,
  `ownerId` int(11) NOT NULL,
  `fieldId` int(11) NOT NULL,
  `typeId` int(11) DEFAULT NULL,
  `sortOrder` smallint(6) unsigned DEFAULT NULL,
  `ownerLocale` char(12) COLLATE utf8_unicode_ci DEFAULT NULL,
  `dateCreated` datetime NOT NULL,
  `dateUpdated` datetime NOT NULL,
  `uid` char(36) COLLATE utf8_unicode_ci NOT NULL DEFAULT '0',
  PRIMARY KEY (`id`),
  KEY `craft_matrixblocks_ownerId_idx` (`ownerId`),
  KEY `craft_matrixblocks_fieldId_idx` (`fieldId`),
  KEY `craft_matrixblocks_typeId_idx` (`typeId`),
  KEY `craft_matrixblocks_sortOrder_idx` (`sortOrder`),
  KEY `craft_matrixblocks_ownerLocale_fk` (`ownerLocale`)
) ENGINE=InnoDB DEFAULT CHARSET=utf8 COLLATE=utf8_unicode_ci;

--
-- Data for table `craft_matrixblocks`
--

INSERT INTO `craft_matrixblocks` (`id`, `ownerId`, `fieldId`, `typeId`, `sortOrder`, `ownerLocale`, `dateCreated`, `dateUpdated`, `uid`) VALUES
 ('10', '4', '7', '1', '1', NULL, '2017-09-28 23:55:10', '2017-09-28 23:55:10', '9adc48f1-3a27-44b5-a2fe-90cfc2441f5e'),
 ('11', '4', '7', '1', '2', NULL, '2017-09-28 23:55:10', '2017-09-28 23:55:10', 'b6f7c962-2e00-400e-9c04-605ba7bd2cf7'),
 ('12', '8', '7', '1', '1', NULL, '2017-09-29 04:00:49', '2017-09-29 04:00:49', 'e69ac8e2-6e4e-43a9-bb5e-076e9c0e492f'),
 ('14', '13', '7', '1', '1', NULL, '2017-09-29 04:01:16', '2017-09-29 04:01:16', '3df64c41-6503-404d-94eb-c3a2a08d79ca');



DROP TABLE IF EXISTS `craft_matrixblocktypes`;


--
-- Schema for table `craft_matrixblocktypes`
--
CREATE TABLE `craft_matrixblocktypes` (
  `id` int(11) NOT NULL AUTO_INCREMENT,
  `fieldId` int(11) NOT NULL,
  `fieldLayoutId` int(11) DEFAULT NULL,
  `name` varchar(255) COLLATE utf8_unicode_ci NOT NULL,
  `handle` varchar(255) COLLATE utf8_unicode_ci NOT NULL,
  `sortOrder` smallint(6) unsigned DEFAULT NULL,
  `dateCreated` datetime NOT NULL,
  `dateUpdated` datetime NOT NULL,
  `uid` char(36) COLLATE utf8_unicode_ci NOT NULL DEFAULT '0',
  PRIMARY KEY (`id`),
  UNIQUE KEY `craft_matrixblocktypes_name_fieldId_unq_idx` (`name`,`fieldId`),
  UNIQUE KEY `craft_matrixblocktypes_handle_fieldId_unq_idx` (`handle`,`fieldId`),
  KEY `craft_matrixblocktypes_fieldId_fk` (`fieldId`),
  KEY `craft_matrixblocktypes_fieldLayoutId_fk` (`fieldLayoutId`)
) ENGINE=InnoDB AUTO_INCREMENT=2 DEFAULT CHARSET=utf8 COLLATE=utf8_unicode_ci;

--
-- Data for table `craft_matrixblocktypes`
--

INSERT INTO `craft_matrixblocktypes` (`id`, `fieldId`, `fieldLayoutId`, `name`, `handle`, `sortOrder`, `dateCreated`, `dateUpdated`, `uid`) VALUES
 ('1', '7', '12', 'Gallery', 'gallery', '1', '2017-09-28 23:51:28', '2017-09-28 23:51:28', '414fb899-3007-4bce-aacc-ded13b91a4bc');



DROP TABLE IF EXISTS `craft_matrixcontent_gallery`;


--
-- Schema for table `craft_matrixcontent_gallery`
--
CREATE TABLE `craft_matrixcontent_gallery` (
  `id` int(11) NOT NULL AUTO_INCREMENT,
  `elementId` int(11) NOT NULL,
  `locale` char(12) COLLATE utf8_unicode_ci NOT NULL,
  `field_gallery_imageTitle` text COLLATE utf8_unicode_ci DEFAULT NULL,
  `dateCreated` datetime NOT NULL,
  `dateUpdated` datetime NOT NULL,
  `uid` char(36) COLLATE utf8_unicode_ci NOT NULL DEFAULT '0',
  PRIMARY KEY (`id`),
  UNIQUE KEY `craft_matrixcontent_gallery_elementId_locale_unq_idx` (`elementId`,`locale`),
  KEY `craft_matrixcontent_gallery_locale_fk` (`locale`)
) ENGINE=InnoDB AUTO_INCREMENT=5 DEFAULT CHARSET=utf8 COLLATE=utf8_unicode_ci;

--
-- Data for table `craft_matrixcontent_gallery`
--

INSERT INTO `craft_matrixcontent_gallery` (`id`, `elementId`, `locale`, `field_gallery_imageTitle`, `dateCreated`, `dateUpdated`, `uid`) VALUES
 ('1', '10', 'en_nz', 'Placeholder', '2017-09-28 23:55:10', '2017-09-28 23:55:10', 'c1aea6f8-dd2a-4ee4-a20a-df14c3f25ac2'),
 ('2', '11', 'en_nz', 'Placeholder', '2017-09-28 23:55:10', '2017-09-28 23:55:10', '6a8d5523-de2f-45b9-a288-61f553af95d5'),
 ('3', '12', 'en_nz', 'Placeholder', '2017-09-29 04:00:49', '2017-09-29 04:00:49', '0bc1ba3a-5caf-4099-8fdb-8334cd8e6b65'),
 ('4', '14', 'en_nz', 'Test', '2017-09-29 04:01:16', '2017-09-29 04:01:16', 'c95752ad-a841-4bdd-b7d6-5d610e20df81');



DROP TABLE IF EXISTS `craft_migrations`;


--
-- Schema for table `craft_migrations`
--
CREATE TABLE `craft_migrations` (
  `id` int(11) NOT NULL AUTO_INCREMENT,
  `pluginId` int(11) DEFAULT NULL,
  `version` varchar(255) COLLATE utf8_unicode_ci NOT NULL,
  `applyTime` datetime NOT NULL,
  `dateCreated` datetime NOT NULL,
  `dateUpdated` datetime NOT NULL,
  `uid` char(36) COLLATE utf8_unicode_ci NOT NULL DEFAULT '0',
  PRIMARY KEY (`id`),
  UNIQUE KEY `craft_migrations_version_unq_idx` (`version`),
  KEY `craft_migrations_pluginId_fk` (`pluginId`)
) ENGINE=InnoDB AUTO_INCREMENT=40 DEFAULT CHARSET=utf8 COLLATE=utf8_unicode_ci;

--
-- Data for table `craft_migrations`
--

INSERT INTO `craft_migrations` (`id`, `pluginId`, `version`, `applyTime`, `dateCreated`, `dateUpdated`, `uid`) VALUES
 ('1', NULL, 'm000000_000000_base', '2017-09-28 06:55:50', '2017-09-28 06:55:50', '2017-09-28 06:55:50', '5057ec32-fc5a-41c7-8bf4-a57a72fc546d'),
 ('2', NULL, 'm140730_000001_add_filename_and_format_to_transformindex', '2017-09-28 06:55:50', '2017-09-28 06:55:50', '2017-09-28 06:55:50', '237ce555-37ab-43dc-9432-01eabfc54f33'),
 ('3', NULL, 'm140815_000001_add_format_to_transforms', '2017-09-28 06:55:50', '2017-09-28 06:55:50', '2017-09-28 06:55:50', 'dab3c831-835e-4c37-93ce-c9a6810d2056'),
 ('4', NULL, 'm140822_000001_allow_more_than_128_items_per_field', '2017-09-28 06:55:50', '2017-09-28 06:55:50', '2017-09-28 06:55:50', '40558f01-c87f-478a-9775-e1ce0309588b'),
 ('5', NULL, 'm140829_000001_single_title_formats', '2017-09-28 06:55:50', '2017-09-28 06:55:50', '2017-09-28 06:55:50', '013852ec-ea95-4cd5-a532-7e70fd0f8c2b'),
 ('6', NULL, 'm140831_000001_extended_cache_keys', '2017-09-28 06:55:50', '2017-09-28 06:55:50', '2017-09-28 06:55:50', '96ac5254-50b7-4bcb-9dfb-31b7d9aa5d32'),
 ('7', NULL, 'm140922_000001_delete_orphaned_matrix_blocks', '2017-09-28 06:55:50', '2017-09-28 06:55:50', '2017-09-28 06:55:50', 'ae0d226f-de69-4b21-95b2-63fcb8848e91'),
 ('8', NULL, 'm141008_000001_elements_index_tune', '2017-09-28 06:55:50', '2017-09-28 06:55:50', '2017-09-28 06:55:50', '5a1ee5d8-0601-4cdd-a46e-c9027dd99783'),
 ('9', NULL, 'm141009_000001_assets_source_handle', '2017-09-28 06:55:50', '2017-09-28 06:55:50', '2017-09-28 06:55:50', 'ceb0d671-9cf2-4fed-b3b2-a53867a5bb37'),
 ('10', NULL, 'm141024_000001_field_layout_tabs', '2017-09-28 06:55:50', '2017-09-28 06:55:50', '2017-09-28 06:55:50', '1e9110ae-3c48-40d7-97d2-3083608a1777'),
 ('11', NULL, 'm141030_000000_plugin_schema_versions', '2017-09-28 06:55:50', '2017-09-28 06:55:50', '2017-09-28 06:55:50', 'c033790a-bca2-4129-862b-4553ee8a5e41'),
 ('12', NULL, 'm141030_000001_drop_structure_move_permission', '2017-09-28 06:55:50', '2017-09-28 06:55:50', '2017-09-28 06:55:50', '3b046d54-1b15-4b78-b188-17f7ede06806'),
 ('13', NULL, 'm141103_000001_tag_titles', '2017-09-28 06:55:50', '2017-09-28 06:55:50', '2017-09-28 06:55:50', 'a5dc8f5e-ce26-4fb0-95d2-b49198c1f7d9'),
 ('14', NULL, 'm141109_000001_user_status_shuffle', '2017-09-28 06:55:50', '2017-09-28 06:55:50', '2017-09-28 06:55:50', '7455b4b6-9e2b-4bfd-86a9-0140be904efc'),
 ('15', NULL, 'm141126_000001_user_week_start_day', '2017-09-28 06:55:50', '2017-09-28 06:55:50', '2017-09-28 06:55:50', '2663584c-b93f-4b28-aa36-b7f4e1e8e022'),
 ('16', NULL, 'm150210_000001_adjust_user_photo_size', '2017-09-28 06:55:50', '2017-09-28 06:55:50', '2017-09-28 06:55:50', '6bff48c1-15df-468d-9f04-3dba753abeb3'),
 ('17', NULL, 'm150724_000001_adjust_quality_settings', '2017-09-28 06:55:50', '2017-09-28 06:55:50', '2017-09-28 06:55:50', '842deeba-313f-49b8-ad8c-02b84e4021df'),
 ('18', NULL, 'm150827_000000_element_index_settings', '2017-09-28 06:55:50', '2017-09-28 06:55:50', '2017-09-28 06:55:50', 'f92e6fd4-ed99-4b9c-b57b-1f3b95b3d37e'),
 ('19', NULL, 'm150918_000001_add_colspan_to_widgets', '2017-09-28 06:55:50', '2017-09-28 06:55:50', '2017-09-28 06:55:50', 'd29f4c9f-83d8-45fb-abe1-2b7143deaa1e'),
 ('20', NULL, 'm151007_000000_clear_asset_caches', '2017-09-28 06:55:50', '2017-09-28 06:55:50', '2017-09-28 06:55:50', '48888c5d-37e9-44f2-b8d1-f96693ff1f64'),
 ('21', NULL, 'm151109_000000_text_url_formats', '2017-09-28 06:55:50', '2017-09-28 06:55:50', '2017-09-28 06:55:50', '8e865556-f019-4962-b12c-7d64e53cf566'),
 ('22', NULL, 'm151110_000000_move_logo', '2017-09-28 06:55:50', '2017-09-28 06:55:50', '2017-09-28 06:55:50', '4a7258c7-055b-4401-8968-021f791c1aa0'),
 ('23', NULL, 'm151117_000000_adjust_image_widthheight', '2017-09-28 06:55:50', '2017-09-28 06:55:50', '2017-09-28 06:55:50', '72771c5e-5e7a-4af2-93f0-281ffd11f137'),
 ('24', NULL, 'm151127_000000_clear_license_key_status', '2017-09-28 06:55:50', '2017-09-28 06:55:50', '2017-09-28 06:55:50', 'd944f3b7-3d99-4a2a-b301-6d8926f6295b'),
 ('25', NULL, 'm151127_000000_plugin_license_keys', '2017-09-28 06:55:50', '2017-09-28 06:55:50', '2017-09-28 06:55:50', '8a519aec-c153-4180-bfbf-d971b1e63c61'),
 ('26', NULL, 'm151130_000000_update_pt_widget_feeds', '2017-09-28 06:55:50', '2017-09-28 06:55:50', '2017-09-28 06:55:50', '029a2181-a23f-4be6-b006-7adc42042f0c'),
 ('27', NULL, 'm160114_000000_asset_sources_public_url_default_true', '2017-09-28 06:55:50', '2017-09-28 06:55:50', '2017-09-28 06:55:50', '6bd4077d-2c7c-4f5d-8508-f9bf185260c2'),
 ('28', NULL, 'm160223_000000_sortorder_to_smallint', '2017-09-28 06:55:50', '2017-09-28 06:55:50', '2017-09-28 06:55:50', 'bfce3054-59ac-40cb-b9b1-882c180ec5d7'),
 ('29', NULL, 'm160229_000000_set_default_entry_statuses', '2017-09-28 06:55:50', '2017-09-28 06:55:50', '2017-09-28 06:55:50', '7e277330-71f7-487d-a732-47c1d4bfcc26'),
 ('30', NULL, 'm160304_000000_client_permissions', '2017-09-28 06:55:50', '2017-09-28 06:55:50', '2017-09-28 06:55:50', '42860a59-6c7b-4b8d-bb93-4a4f0e7df773'),
 ('31', NULL, 'm160322_000000_asset_filesize', '2017-09-28 06:55:50', '2017-09-28 06:55:50', '2017-09-28 06:55:50', '7d22e6bf-9a94-4ad4-b101-43797312cd98'),
 ('32', NULL, 'm160503_000000_orphaned_fieldlayouts', '2017-09-28 06:55:50', '2017-09-28 06:55:50', '2017-09-28 06:55:50', 'a4ef5f6e-5377-49f2-b93c-8e177bc92238'),
 ('33', NULL, 'm160510_000000_tasksettings', '2017-09-28 06:55:50', '2017-09-28 06:55:50', '2017-09-28 06:55:50', 'e04aa411-485b-4fa6-99e5-e11aabab9f17'),
 ('34', NULL, 'm160829_000000_pending_user_content_cleanup', '2017-09-28 06:55:50', '2017-09-28 06:55:50', '2017-09-28 06:55:50', 'c6540fe7-9437-4b59-a1f3-40de65a4fbf3'),
 ('35', NULL, 'm160830_000000_asset_index_uri_increase', '2017-09-28 06:55:50', '2017-09-28 06:55:50', '2017-09-28 06:55:50', '51eff3cc-2a15-4f01-97e5-da884e3fb18a'),
 ('36', NULL, 'm160919_000000_usergroup_handle_title_unique', '2017-09-28 06:55:50', '2017-09-28 06:55:50', '2017-09-28 06:55:50', '44517c59-f0cf-4491-9b33-b528a8381484'),
 ('37', NULL, 'm161108_000000_new_version_format', '2017-09-28 06:55:50', '2017-09-28 06:55:50', '2017-09-28 06:55:50', '1faa0119-013b-42bb-a185-46776a5090bf'),
 ('38', NULL, 'm161109_000000_index_shuffle', '2017-09-28 06:55:50', '2017-09-28 06:55:50', '2017-09-28 06:55:50', 'b75415d6-2262-4d4f-980e-c0a3c38e6d8f'),
 ('39', NULL, 'm170612_000000_route_index_shuffle', '2017-09-28 06:55:50', '2017-09-28 06:55:50', '2017-09-28 06:55:50', '04f0493d-04ea-4ac9-82a5-edf0e1b131ab');



DROP TABLE IF EXISTS `craft_plugins`;


--
-- Schema for table `craft_plugins`
--
CREATE TABLE `craft_plugins` (
  `id` int(11) NOT NULL AUTO_INCREMENT,
  `class` varchar(150) COLLATE utf8_unicode_ci NOT NULL,
  `version` varchar(15) COLLATE utf8_unicode_ci NOT NULL,
  `schemaVersion` varchar(15) COLLATE utf8_unicode_ci DEFAULT NULL,
  `licenseKey` char(24) COLLATE utf8_unicode_ci DEFAULT NULL,
  `licenseKeyStatus` enum('valid','invalid','mismatched','unknown') COLLATE utf8_unicode_ci NOT NULL DEFAULT 'unknown',
  `enabled` tinyint(1) unsigned NOT NULL DEFAULT 0,
  `settings` text COLLATE utf8_unicode_ci DEFAULT NULL,
  `installDate` datetime NOT NULL,
  `dateCreated` datetime NOT NULL,
  `dateUpdated` datetime NOT NULL,
  `uid` char(36) COLLATE utf8_unicode_ci NOT NULL DEFAULT '0',
  PRIMARY KEY (`id`)
) ENGINE=InnoDB DEFAULT CHARSET=utf8 COLLATE=utf8_unicode_ci;

DROP TABLE IF EXISTS `craft_rackspaceaccess`;


--
-- Schema for table `craft_rackspaceaccess`
--
CREATE TABLE `craft_rackspaceaccess` (
  `id` int(11) NOT NULL AUTO_INCREMENT,
  `connectionKey` varchar(255) COLLATE utf8_unicode_ci NOT NULL,
  `token` varchar(255) COLLATE utf8_unicode_ci NOT NULL,
  `storageUrl` varchar(255) COLLATE utf8_unicode_ci NOT NULL,
  `cdnUrl` varchar(255) COLLATE utf8_unicode_ci NOT NULL,
  `dateCreated` datetime NOT NULL,
  `dateUpdated` datetime NOT NULL,
  `uid` char(36) COLLATE utf8_unicode_ci NOT NULL DEFAULT '0',
  PRIMARY KEY (`id`),
  UNIQUE KEY `craft_rackspaceaccess_connectionKey_unq_idx` (`connectionKey`)
) ENGINE=InnoDB DEFAULT CHARSET=utf8 COLLATE=utf8_unicode_ci;

DROP TABLE IF EXISTS `craft_relations`;


--
-- Schema for table `craft_relations`
--
CREATE TABLE `craft_relations` (
  `id` int(11) NOT NULL AUTO_INCREMENT,
  `fieldId` int(11) NOT NULL,
  `sourceId` int(11) NOT NULL,
  `sourceLocale` char(12) COLLATE utf8_unicode_ci DEFAULT NULL,
  `targetId` int(11) NOT NULL,
  `sortOrder` smallint(6) DEFAULT NULL,
  `dateCreated` datetime NOT NULL,
  `dateUpdated` datetime NOT NULL,
  `uid` char(36) COLLATE utf8_unicode_ci NOT NULL DEFAULT '0',
  PRIMARY KEY (`id`),
  UNIQUE KEY `craft_relations_fieldId_sourceId_sourceLocale_targetId_unq_idx` (`fieldId`,`sourceId`,`sourceLocale`,`targetId`),
  KEY `craft_relations_sourceId_fk` (`sourceId`),
  KEY `craft_relations_sourceLocale_fk` (`sourceLocale`),
  KEY `craft_relations_targetId_fk` (`targetId`)
) ENGINE=InnoDB AUTO_INCREMENT=14 DEFAULT CHARSET=utf8 COLLATE=utf8_unicode_ci;

--
-- Data for table `craft_relations`
--

INSERT INTO `craft_relations` (`id`, `fieldId`, `sourceId`, `sourceLocale`, `targetId`, `sortOrder`, `dateCreated`, `dateUpdated`, `uid`) VALUES
 ('7', '4', '4', NULL, '9', '1', '2017-09-28 23:55:10', '2017-09-28 23:55:10', 'ea3c4c17-6806-4f72-8a32-bda17e98c690'),
 ('8', '8', '10', NULL, '9', '1', '2017-09-28 23:55:10', '2017-09-28 23:55:10', 'a1d6ba85-05e6-419a-9dc5-e8db3a416a86'),
 ('9', '8', '11', NULL, '9', '1', '2017-09-28 23:55:10', '2017-09-28 23:55:10', '84f300f8-4833-4500-a833-b589fde4ef6f'),
 ('10', '4', '8', NULL, '9', '1', '2017-09-29 04:00:49', '2017-09-29 04:00:49', '6fd92b56-71a9-4f70-bf00-599514e5c417'),
 ('11', '8', '12', NULL, '9', '1', '2017-09-29 04:00:49', '2017-09-29 04:00:49', '2197fda8-65a9-4bdd-9215-698f8713584e'),
 ('12', '4', '13', NULL, '9', '1', '2017-09-29 04:01:16', '2017-09-29 04:01:16', '3bb9f68a-4705-4cb8-b8d9-80681e459b6f'),
 ('13', '8', '14', NULL, '9', '1', '2017-09-29 04:01:16', '2017-09-29 04:01:16', '7903823b-bf31-4391-94eb-35a356cb1bf2');



DROP TABLE IF EXISTS `craft_routes`;


--
-- Schema for table `craft_routes`
--
CREATE TABLE `craft_routes` (
  `id` int(11) NOT NULL AUTO_INCREMENT,
  `locale` char(12) COLLATE utf8_unicode_ci DEFAULT NULL,
  `urlParts` varchar(255) COLLATE utf8_unicode_ci NOT NULL,
  `urlPattern` varchar(255) COLLATE utf8_unicode_ci NOT NULL,
  `template` varchar(255) COLLATE utf8_unicode_ci NOT NULL,
  `sortOrder` smallint(6) unsigned DEFAULT NULL,
  `dateCreated` datetime NOT NULL,
  `dateUpdated` datetime NOT NULL,
  `uid` char(36) COLLATE utf8_unicode_ci NOT NULL DEFAULT '0',
  PRIMARY KEY (`id`),
  KEY `craft_routes_locale_idx` (`locale`),
  KEY `craft_routes_urlPattern_idx` (`urlPattern`)
) ENGINE=InnoDB DEFAULT CHARSET=utf8 COLLATE=utf8_unicode_ci;

DROP TABLE IF EXISTS `craft_searchindex`;


--
-- Schema for table `craft_searchindex`
--
CREATE TABLE `craft_searchindex` (
  `elementId` int(11) NOT NULL,
  `attribute` varchar(25) COLLATE utf8_unicode_ci NOT NULL,
  `fieldId` int(11) NOT NULL,
  `locale` char(12) COLLATE utf8_unicode_ci NOT NULL,
  `keywords` text COLLATE utf8_unicode_ci NOT NULL,
  PRIMARY KEY (`elementId`,`attribute`,`fieldId`,`locale`),
  FULLTEXT KEY `craft_searchindex_keywords_idx` (`keywords`)
) ENGINE=MyISAM DEFAULT CHARSET=utf8 COLLATE=utf8_unicode_ci;

--
-- Data for table `craft_searchindex`
--

INSERT INTO `craft_searchindex` (`elementId`, `attribute`, `fieldId`, `locale`, `keywords`) VALUES
 ('1', 'username', '0', 'en_nz', ' hi graphicactivity co nz '),
 ('1', 'firstname', '0', 'en_nz', ''),
 ('1', 'lastname', '0', 'en_nz', ''),
 ('1', 'fullname', '0', 'en_nz', ''),
 ('1', 'email', '0', 'en_nz', ' hi graphicactivity co nz '),
 ('1', 'slug', '0', 'en_nz', ''),
 ('2', 'slug', '0', 'en_nz', ' homepage '),
 ('2', 'title', '0', 'en_nz', ' louis ferens '),
 ('2', 'field', '1', 'en_nz', ' it s true this site doesn t have a whole lot of content yet but don t worry our web developers have just installed the cms and they re setting things up for the content editors this very moment soon louis dev will be an oasis of fresh perspectives sharp analyses and astute opinions that will keep you coming back again and again '),
 ('4', 'slug', '0', 'en_nz', ' one 2 zero '),
 ('4', 'title', '0', 'en_nz', ' one 2 zero '),
 ('6', 'slug', '0', 'en_nz', ' one 2 zero '),
 ('6', 'title', '0', 'en_nz', ' one 2 zero '),
 ('6', 'kind', '0', 'en_nz', ' image '),
 ('6', 'extension', '0', 'en_nz', ' jpg '),
 ('2', 'field', '3', 'en_nz', ' finding gratification in the creation and understanding of objects and designs my objectives are to be always expanding my knowledge and improving my skills so i can create functional timeless and innovative designs '),
 ('6', 'filename', '0', 'en_nz', ' one 2 zero jpg '),
 ('4', 'field', '4', 'en_nz', ' placeholder '),
 ('7', 'filename', '0', 'en_nz', ' the gnarly mahi jpg '),
 ('7', 'extension', '0', 'en_nz', ' jpg '),
 ('7', 'kind', '0', 'en_nz', ' image '),
 ('7', 'slug', '0', 'en_nz', ' the gnarly mahi '),
 ('7', 'title', '0', 'en_nz', ' the gnarly mahi '),
 ('8', 'field', '4', 'en_nz', ' placeholder '),
 ('8', 'field', '5', 'en_nz', ' side view '),
 ('8', 'slug', '0', 'en_nz', ' the gnarly mahi '),
 ('8', 'title', '0', 'en_nz', ' the gnarly mahi '),
 ('9', 'filename', '0', 'en_nz', ' placeholder jpg '),
 ('9', 'extension', '0', 'en_nz', ' jpg '),
 ('9', 'kind', '0', 'en_nz', ' image '),
 ('9', 'slug', '0', 'en_nz', ' placeholder '),
 ('9', 'title', '0', 'en_nz', ' placeholder '),
 ('4', 'field', '5', 'en_nz', ' one 2 zero '),
 ('4', 'field', '6', 'en_nz', ' operations and sales manager greta anderson ​ branding and marketing ruth lever and sarah delfos designers and manufacturers louis ferens and callum elson ​ frying pan 2 0 ​ cast in a recycled frying pan this bar stool features recycled local waste hdpe complemented by reclaimed locally sourced rimu and supported by bent steel tube ​ the pan ​ the frying pan 3 0 is %100 recycled using the same mould as the frying pan 2 0 this short stool uses reclaimed rimu as a supporting material and a contrast to the hdpe base ​ baking tray ​ this low stool explores material possibilities and aesthetics cast in a recycled oven tray and supported by pinus radiata legs the stool is a robust and low cost product ​ deep dish ​ the deep dish is our first stool prototype made from 120 hdpe bottle lids and caps sourced from local factory waste heat pressed and moulded into a secondhand deep dish '),
 ('4', 'field', '7', 'en_nz', ' placeholder placeholder placeholder placeholder '),
 ('10', 'field', '8', 'en_nz', ' placeholder '),
 ('10', 'field', '9', 'en_nz', ' placeholder '),
 ('10', 'slug', '0', 'en_nz', ''),
 ('11', 'field', '8', 'en_nz', ' placeholder '),
 ('11', 'field', '9', 'en_nz', ' placeholder '),
 ('11', 'slug', '0', 'en_nz', ''),
 ('8', 'field', '6', 'en_nz', ' description '),
 ('8', 'field', '7', 'en_nz', ' placeholder placeholder '),
 ('12', 'field', '8', 'en_nz', ' placeholder '),
 ('12', 'field', '9', 'en_nz', ' placeholder '),
 ('12', 'slug', '0', 'en_nz', ''),
 ('13', 'field', '4', 'en_nz', ' placeholder '),
 ('13', 'field', '5', 'en_nz', ' test '),
 ('13', 'field', '6', 'en_nz', ' test '),
 ('13', 'field', '7', 'en_nz', ' placeholder test '),
 ('13', 'slug', '0', 'en_nz', ' test '),
 ('13', 'title', '0', 'en_nz', ' test '),
 ('14', 'field', '8', 'en_nz', ' placeholder '),
 ('14', 'field', '9', 'en_nz', ' test '),
 ('14', 'slug', '0', 'en_nz', '');



DROP TABLE IF EXISTS `craft_sections`;


--
-- Schema for table `craft_sections`
--
CREATE TABLE `craft_sections` (
  `id` int(11) NOT NULL AUTO_INCREMENT,
  `structureId` int(11) DEFAULT NULL,
  `name` varchar(255) COLLATE utf8_unicode_ci NOT NULL,
  `handle` varchar(255) COLLATE utf8_unicode_ci NOT NULL,
  `type` enum('single','channel','structure') COLLATE utf8_unicode_ci NOT NULL DEFAULT 'channel',
  `hasUrls` tinyint(1) unsigned NOT NULL DEFAULT 1,
  `template` varchar(500) COLLATE utf8_unicode_ci DEFAULT NULL,
  `enableVersioning` tinyint(1) unsigned NOT NULL DEFAULT 0,
  `dateCreated` datetime NOT NULL,
  `dateUpdated` datetime NOT NULL,
  `uid` char(36) COLLATE utf8_unicode_ci NOT NULL DEFAULT '0',
  PRIMARY KEY (`id`),
  UNIQUE KEY `craft_sections_name_unq_idx` (`name`),
  UNIQUE KEY `craft_sections_handle_unq_idx` (`handle`),
  KEY `craft_sections_structureId_fk` (`structureId`)
) ENGINE=InnoDB AUTO_INCREMENT=4 DEFAULT CHARSET=utf8 COLLATE=utf8_unicode_ci;

--
-- Data for table `craft_sections`
--

INSERT INTO `craft_sections` (`id`, `structureId`, `name`, `handle`, `type`, `hasUrls`, `template`, `enableVersioning`, `dateCreated`, `dateUpdated`, `uid`) VALUES
 ('1', NULL, 'Home', 'home', 'single', '1', 'index', '1', '2017-09-28 06:55:53', '2017-09-28 09:03:16', '86b28f34-f793-44ed-bc92-07b88a1d4fe6'),
 ('3', '1', 'Work', 'work', 'structure', '1', 'work/_entry', '1', '2017-09-28 21:30:00', '2017-09-28 21:30:00', 'b4b02ca9-c0b5-4b93-93fb-a10f629561c5');



DROP TABLE IF EXISTS `craft_sections_i18n`;


--
-- Schema for table `craft_sections_i18n`
--
CREATE TABLE `craft_sections_i18n` (
  `id` int(11) NOT NULL AUTO_INCREMENT,
  `sectionId` int(11) NOT NULL,
  `locale` char(12) COLLATE utf8_unicode_ci NOT NULL,
  `enabledByDefault` tinyint(1) unsigned NOT NULL DEFAULT 1,
  `urlFormat` text COLLATE utf8_unicode_ci DEFAULT NULL,
  `nestedUrlFormat` text COLLATE utf8_unicode_ci DEFAULT NULL,
  `dateCreated` datetime NOT NULL,
  `dateUpdated` datetime NOT NULL,
  `uid` char(36) COLLATE utf8_unicode_ci NOT NULL DEFAULT '0',
  PRIMARY KEY (`id`),
  UNIQUE KEY `craft_sections_i18n_sectionId_locale_unq_idx` (`sectionId`,`locale`),
  KEY `craft_sections_i18n_locale_fk` (`locale`)
) ENGINE=InnoDB AUTO_INCREMENT=4 DEFAULT CHARSET=utf8 COLLATE=utf8_unicode_ci;

--
-- Data for table `craft_sections_i18n`
--

INSERT INTO `craft_sections_i18n` (`id`, `sectionId`, `locale`, `enabledByDefault`, `urlFormat`, `nestedUrlFormat`, `dateCreated`, `dateUpdated`, `uid`) VALUES
 ('1', '1', 'en_nz', '1', '__home__', NULL, '2017-09-28 06:55:53', '2017-09-28 06:55:53', 'ca2234a2-cc81-47a0-bd8a-9eddee941867'),
 ('3', '3', 'en_nz', '1', 'work/{slug}', NULL, '2017-09-28 21:30:00', '2017-09-28 21:30:00', 'c7397460-d007-4d25-a405-51970f490aa0');



DROP TABLE IF EXISTS `craft_sessions`;


--
-- Schema for table `craft_sessions`
--
CREATE TABLE `craft_sessions` (
  `id` int(11) NOT NULL AUTO_INCREMENT,
  `userId` int(11) NOT NULL,
  `token` char(100) COLLATE utf8_unicode_ci NOT NULL,
  `dateCreated` datetime NOT NULL,
  `dateUpdated` datetime NOT NULL,
  `uid` char(36) COLLATE utf8_unicode_ci NOT NULL DEFAULT '0',
  PRIMARY KEY (`id`),
  KEY `craft_sessions_uid_idx` (`uid`),
  KEY `craft_sessions_token_idx` (`token`),
  KEY `craft_sessions_dateUpdated_idx` (`dateUpdated`),
  KEY `craft_sessions_userId_fk` (`userId`)
) ENGINE=InnoDB AUTO_INCREMENT=8 DEFAULT CHARSET=utf8 COLLATE=utf8_unicode_ci;

DROP TABLE IF EXISTS `craft_shunnedmessages`;


--
-- Schema for table `craft_shunnedmessages`
--
CREATE TABLE `craft_shunnedmessages` (
  `id` int(11) NOT NULL AUTO_INCREMENT,
  `userId` int(11) NOT NULL,
  `message` varchar(255) COLLATE utf8_unicode_ci NOT NULL,
  `expiryDate` datetime DEFAULT NULL,
  `dateCreated` datetime NOT NULL,
  `dateUpdated` datetime NOT NULL,
  `uid` char(36) COLLATE utf8_unicode_ci NOT NULL DEFAULT '0',
  PRIMARY KEY (`id`),
  UNIQUE KEY `craft_shunnedmessages_userId_message_unq_idx` (`userId`,`message`)
) ENGINE=InnoDB DEFAULT CHARSET=utf8 COLLATE=utf8_unicode_ci;

DROP TABLE IF EXISTS `craft_structureelements`;


--
-- Schema for table `craft_structureelements`
--
CREATE TABLE `craft_structureelements` (
  `id` int(11) NOT NULL AUTO_INCREMENT,
  `structureId` int(11) NOT NULL,
  `elementId` int(11) DEFAULT NULL,
  `root` int(11) unsigned DEFAULT NULL,
  `lft` int(11) unsigned NOT NULL,
  `rgt` int(11) unsigned NOT NULL,
  `level` smallint(6) unsigned NOT NULL,
  `dateCreated` datetime NOT NULL,
  `dateUpdated` datetime NOT NULL,
  `uid` char(36) COLLATE utf8_unicode_ci NOT NULL DEFAULT '0',
  PRIMARY KEY (`id`),
  UNIQUE KEY `craft_structureelements_structureId_elementId_unq_idx` (`structureId`,`elementId`),
  KEY `craft_structureelements_root_idx` (`root`),
  KEY `craft_structureelements_lft_idx` (`lft`),
  KEY `craft_structureelements_rgt_idx` (`rgt`),
  KEY `craft_structureelements_level_idx` (`level`),
  KEY `craft_structureelements_elementId_fk` (`elementId`)
) ENGINE=InnoDB AUTO_INCREMENT=5 DEFAULT CHARSET=utf8 COLLATE=utf8_unicode_ci;

--
-- Data for table `craft_structureelements`
--

INSERT INTO `craft_structureelements` (`id`, `structureId`, `elementId`, `root`, `lft`, `rgt`, `level`, `dateCreated`, `dateUpdated`, `uid`) VALUES
 ('1', '1', NULL, '1', '1', '8', '0', '2017-09-28 21:38:17', '2017-09-28 21:38:17', '8d539ea6-ac77-4969-8191-e0807b303f52'),
 ('2', '1', '4', '1', '2', '3', '1', '2017-09-28 21:38:17', '2017-09-28 21:38:17', '39ac74e2-52f4-4cf4-bf47-496e9660cf7f'),
 ('3', '1', '8', '1', '4', '5', '1', '2017-09-28 21:57:06', '2017-09-28 21:57:06', '2d559f39-a177-4de4-8950-d857c9eb2ef1'),
 ('4', '1', '13', '1', '6', '7', '1', '2017-09-29 04:01:16', '2017-09-29 04:01:16', '65517512-26e8-4bbf-bb2c-979a08bd974e');



DROP TABLE IF EXISTS `craft_structures`;


--
-- Schema for table `craft_structures`
--
CREATE TABLE `craft_structures` (
  `id` int(11) NOT NULL AUTO_INCREMENT,
  `maxLevels` smallint(6) unsigned DEFAULT NULL,
  `dateCreated` datetime NOT NULL,
  `dateUpdated` datetime NOT NULL,
  `uid` char(36) COLLATE utf8_unicode_ci NOT NULL DEFAULT '0',
  PRIMARY KEY (`id`)
) ENGINE=InnoDB AUTO_INCREMENT=2 DEFAULT CHARSET=utf8 COLLATE=utf8_unicode_ci;

--
-- Data for table `craft_structures`
--

INSERT INTO `craft_structures` (`id`, `maxLevels`, `dateCreated`, `dateUpdated`, `uid`) VALUES
 ('1', '1', '2017-09-28 21:30:00', '2017-09-28 21:30:00', 'f8f77865-5ba8-4a3e-b5d2-98c3f84edb8a');



DROP TABLE IF EXISTS `craft_systemsettings`;


--
-- Schema for table `craft_systemsettings`
--
CREATE TABLE `craft_systemsettings` (
  `id` int(11) NOT NULL AUTO_INCREMENT,
  `category` varchar(15) COLLATE utf8_unicode_ci NOT NULL,
  `settings` text COLLATE utf8_unicode_ci DEFAULT NULL,
  `dateCreated` datetime NOT NULL,
  `dateUpdated` datetime NOT NULL,
  `uid` char(36) COLLATE utf8_unicode_ci NOT NULL DEFAULT '0',
  PRIMARY KEY (`id`),
  UNIQUE KEY `craft_systemsettings_category_unq_idx` (`category`)
) ENGINE=InnoDB AUTO_INCREMENT=2 DEFAULT CHARSET=utf8 COLLATE=utf8_unicode_ci;

--
-- Data for table `craft_systemsettings`
--

INSERT INTO `craft_systemsettings` (`id`, `category`, `settings`, `dateCreated`, `dateUpdated`, `uid`) VALUES
 ('1', 'email', '{\"protocol\":\"php\",\"emailAddress\":\"hi@graphicactivity.co.nz\",\"senderName\":\"Louis\"}', '2017-09-28 06:55:53', '2017-09-28 06:55:53', '497fadb0-3966-445a-8934-20fa6c211fd9');



DROP TABLE IF EXISTS `craft_taggroups`;


--
-- Schema for table `craft_taggroups`
--
CREATE TABLE `craft_taggroups` (
  `id` int(11) NOT NULL AUTO_INCREMENT,
  `name` varchar(255) COLLATE utf8_unicode_ci NOT NULL,
  `handle` varchar(255) COLLATE utf8_unicode_ci NOT NULL,
  `fieldLayoutId` int(10) DEFAULT NULL,
  `dateCreated` datetime NOT NULL,
  `dateUpdated` datetime NOT NULL,
  `uid` char(36) COLLATE utf8_unicode_ci NOT NULL DEFAULT '0',
  PRIMARY KEY (`id`),
  UNIQUE KEY `craft_taggroups_name_unq_idx` (`name`),
  UNIQUE KEY `craft_taggroups_handle_unq_idx` (`handle`),
  KEY `craft_taggroups_fieldLayoutId_fk` (`fieldLayoutId`)
) ENGINE=InnoDB AUTO_INCREMENT=2 DEFAULT CHARSET=utf8 COLLATE=utf8_unicode_ci;

--
-- Data for table `craft_taggroups`
--

INSERT INTO `craft_taggroups` (`id`, `name`, `handle`, `fieldLayoutId`, `dateCreated`, `dateUpdated`, `uid`) VALUES
 ('1', 'Default', 'default', '1', '2017-09-28 06:55:53', '2017-09-28 06:55:53', '31963b8d-40f5-4745-a2d3-cbe69b1441b8');



DROP TABLE IF EXISTS `craft_tags`;


--
-- Schema for table `craft_tags`
--
CREATE TABLE `craft_tags` (
  `id` int(11) NOT NULL,
  `groupId` int(11) NOT NULL,
  `dateCreated` datetime NOT NULL,
  `dateUpdated` datetime NOT NULL,
  `uid` char(36) COLLATE utf8_unicode_ci NOT NULL DEFAULT '0',
  PRIMARY KEY (`id`),
  KEY `craft_tags_groupId_fk` (`groupId`)
) ENGINE=InnoDB DEFAULT CHARSET=utf8 COLLATE=utf8_unicode_ci;

DROP TABLE IF EXISTS `craft_tasks`;


--
-- Schema for table `craft_tasks`
--
CREATE TABLE `craft_tasks` (
  `id` int(11) NOT NULL AUTO_INCREMENT,
  `root` int(11) unsigned DEFAULT NULL,
  `lft` int(11) unsigned NOT NULL,
  `rgt` int(11) unsigned NOT NULL,
  `level` smallint(6) unsigned NOT NULL,
  `currentStep` int(11) unsigned DEFAULT NULL,
  `totalSteps` int(11) unsigned DEFAULT NULL,
  `status` enum('pending','error','running') COLLATE utf8_unicode_ci DEFAULT NULL,
  `type` varchar(150) COLLATE utf8_unicode_ci NOT NULL,
  `description` varchar(255) COLLATE utf8_unicode_ci DEFAULT NULL,
  `settings` mediumtext COLLATE utf8_unicode_ci DEFAULT NULL,
  `dateCreated` datetime NOT NULL,
  `dateUpdated` datetime NOT NULL,
  `uid` char(36) COLLATE utf8_unicode_ci NOT NULL DEFAULT '0',
  PRIMARY KEY (`id`),
  KEY `craft_tasks_root_idx` (`root`),
  KEY `craft_tasks_lft_idx` (`lft`),
  KEY `craft_tasks_rgt_idx` (`rgt`),
  KEY `craft_tasks_level_idx` (`level`)
) ENGINE=InnoDB AUTO_INCREMENT=25 DEFAULT CHARSET=utf8 COLLATE=utf8_unicode_ci;

DROP TABLE IF EXISTS `craft_templatecachecriteria`;


--
-- Schema for table `craft_templatecachecriteria`
--
CREATE TABLE `craft_templatecachecriteria` (
  `id` int(11) NOT NULL AUTO_INCREMENT,
  `cacheId` int(11) NOT NULL,
  `type` varchar(150) COLLATE utf8_unicode_ci NOT NULL,
  `criteria` text COLLATE utf8_unicode_ci NOT NULL,
  PRIMARY KEY (`id`),
  KEY `craft_templatecachecriteria_cacheId_fk` (`cacheId`),
  KEY `craft_templatecachecriteria_type_idx` (`type`)
) ENGINE=InnoDB DEFAULT CHARSET=utf8 COLLATE=utf8_unicode_ci;

DROP TABLE IF EXISTS `craft_templatecacheelements`;


--
-- Schema for table `craft_templatecacheelements`
--
CREATE TABLE `craft_templatecacheelements` (
  `cacheId` int(11) NOT NULL,
  `elementId` int(11) NOT NULL,
  KEY `craft_templatecacheelements_cacheId_fk` (`cacheId`),
  KEY `craft_templatecacheelements_elementId_fk` (`elementId`)
) ENGINE=InnoDB DEFAULT CHARSET=utf8 COLLATE=utf8_unicode_ci;

DROP TABLE IF EXISTS `craft_templatecaches`;


--
-- Schema for table `craft_templatecaches`
--
CREATE TABLE `craft_templatecaches` (
  `id` int(11) NOT NULL AUTO_INCREMENT,
  `cacheKey` varchar(255) COLLATE utf8_unicode_ci NOT NULL,
  `locale` char(12) COLLATE utf8_unicode_ci NOT NULL,
  `path` varchar(255) COLLATE utf8_unicode_ci DEFAULT NULL,
  `expiryDate` datetime NOT NULL,
  `body` mediumtext COLLATE utf8_unicode_ci NOT NULL,
  PRIMARY KEY (`id`),
  KEY `craft_templatecaches_expiryDate_cacheKey_locale_path_idx` (`expiryDate`,`cacheKey`,`locale`,`path`),
  KEY `craft_templatecaches_locale_fk` (`locale`)
) ENGINE=InnoDB DEFAULT CHARSET=utf8 COLLATE=utf8_unicode_ci;

DROP TABLE IF EXISTS `craft_tokens`;


--
-- Schema for table `craft_tokens`
--
CREATE TABLE `craft_tokens` (
  `id` int(11) NOT NULL AUTO_INCREMENT,
  `token` char(32) COLLATE utf8_unicode_ci NOT NULL,
  `route` text COLLATE utf8_unicode_ci DEFAULT NULL,
  `usageLimit` tinyint(3) unsigned DEFAULT NULL,
  `usageCount` tinyint(3) unsigned DEFAULT NULL,
  `expiryDate` datetime NOT NULL,
  `dateCreated` datetime NOT NULL,
  `dateUpdated` datetime NOT NULL,
  `uid` char(36) COLLATE utf8_unicode_ci NOT NULL DEFAULT '0',
  PRIMARY KEY (`id`),
  UNIQUE KEY `craft_tokens_token_unq_idx` (`token`),
  KEY `craft_tokens_expiryDate_idx` (`expiryDate`)
) ENGINE=InnoDB DEFAULT CHARSET=utf8 COLLATE=utf8_unicode_ci;

DROP TABLE IF EXISTS `craft_usergroups`;


--
-- Schema for table `craft_usergroups`
--
CREATE TABLE `craft_usergroups` (
  `id` int(11) NOT NULL AUTO_INCREMENT,
  `name` varchar(255) COLLATE utf8_unicode_ci NOT NULL,
  `handle` varchar(255) COLLATE utf8_unicode_ci NOT NULL,
  `dateCreated` datetime NOT NULL,
  `dateUpdated` datetime NOT NULL,
  `uid` char(36) COLLATE utf8_unicode_ci NOT NULL DEFAULT '0',
  PRIMARY KEY (`id`),
  UNIQUE KEY `craft_usergroups_name_unq_idx` (`name`),
  UNIQUE KEY `craft_usergroups_handle_unq_idx` (`handle`)
) ENGINE=InnoDB DEFAULT CHARSET=utf8 COLLATE=utf8_unicode_ci;

DROP TABLE IF EXISTS `craft_usergroups_users`;


--
-- Schema for table `craft_usergroups_users`
--
CREATE TABLE `craft_usergroups_users` (
  `id` int(11) NOT NULL AUTO_INCREMENT,
  `groupId` int(11) NOT NULL,
  `userId` int(11) NOT NULL,
  `dateCreated` datetime NOT NULL,
  `dateUpdated` datetime NOT NULL,
  `uid` char(36) COLLATE utf8_unicode_ci NOT NULL DEFAULT '0',
  PRIMARY KEY (`id`),
  UNIQUE KEY `craft_usergroups_users_groupId_userId_unq_idx` (`groupId`,`userId`),
  KEY `craft_usergroups_users_userId_fk` (`userId`)
) ENGINE=InnoDB DEFAULT CHARSET=utf8 COLLATE=utf8_unicode_ci;

DROP TABLE IF EXISTS `craft_userpermissions`;


--
-- Schema for table `craft_userpermissions`
--
CREATE TABLE `craft_userpermissions` (
  `id` int(11) NOT NULL AUTO_INCREMENT,
  `name` varchar(255) COLLATE utf8_unicode_ci NOT NULL,
  `dateCreated` datetime NOT NULL,
  `dateUpdated` datetime NOT NULL,
  `uid` char(36) COLLATE utf8_unicode_ci NOT NULL DEFAULT '0',
  PRIMARY KEY (`id`),
  UNIQUE KEY `craft_userpermissions_name_unq_idx` (`name`)
) ENGINE=InnoDB DEFAULT CHARSET=utf8 COLLATE=utf8_unicode_ci;

DROP TABLE IF EXISTS `craft_userpermissions_usergroups`;


--
-- Schema for table `craft_userpermissions_usergroups`
--
CREATE TABLE `craft_userpermissions_usergroups` (
  `id` int(11) NOT NULL AUTO_INCREMENT,
  `permissionId` int(11) NOT NULL,
  `groupId` int(11) NOT NULL,
  `dateCreated` datetime NOT NULL,
  `dateUpdated` datetime NOT NULL,
  `uid` char(36) COLLATE utf8_unicode_ci NOT NULL DEFAULT '0',
  PRIMARY KEY (`id`),
  UNIQUE KEY `craft_userpermissions_usergroups_permissionId_groupId_unq_idx` (`permissionId`,`groupId`),
  KEY `craft_userpermissions_usergroups_groupId_fk` (`groupId`)
) ENGINE=InnoDB DEFAULT CHARSET=utf8 COLLATE=utf8_unicode_ci;

DROP TABLE IF EXISTS `craft_userpermissions_users`;


--
-- Schema for table `craft_userpermissions_users`
--
CREATE TABLE `craft_userpermissions_users` (
  `id` int(11) NOT NULL AUTO_INCREMENT,
  `permissionId` int(11) NOT NULL,
  `userId` int(11) NOT NULL,
  `dateCreated` datetime NOT NULL,
  `dateUpdated` datetime NOT NULL,
  `uid` char(36) COLLATE utf8_unicode_ci NOT NULL DEFAULT '0',
  PRIMARY KEY (`id`),
  UNIQUE KEY `craft_userpermissions_users_permissionId_userId_unq_idx` (`permissionId`,`userId`),
  KEY `craft_userpermissions_users_userId_fk` (`userId`)
) ENGINE=InnoDB DEFAULT CHARSET=utf8 COLLATE=utf8_unicode_ci;

DROP TABLE IF EXISTS `craft_users`;


--
-- Schema for table `craft_users`
--
CREATE TABLE `craft_users` (
  `id` int(11) NOT NULL,
  `username` varchar(100) COLLATE utf8_unicode_ci NOT NULL,
  `photo` varchar(100) COLLATE utf8_unicode_ci DEFAULT NULL,
  `firstName` varchar(100) COLLATE utf8_unicode_ci DEFAULT NULL,
  `lastName` varchar(100) COLLATE utf8_unicode_ci DEFAULT NULL,
  `email` varchar(255) COLLATE utf8_unicode_ci NOT NULL,
  `password` char(255) COLLATE utf8_unicode_ci DEFAULT NULL,
  `preferredLocale` char(12) COLLATE utf8_unicode_ci DEFAULT NULL,
  `weekStartDay` tinyint(1) unsigned NOT NULL DEFAULT 0,
  `admin` tinyint(1) unsigned NOT NULL DEFAULT 0,
  `client` tinyint(1) unsigned NOT NULL DEFAULT 0,
  `locked` tinyint(1) unsigned NOT NULL DEFAULT 0,
  `suspended` tinyint(1) unsigned NOT NULL DEFAULT 0,
  `pending` tinyint(1) unsigned NOT NULL DEFAULT 0,
  `archived` tinyint(1) unsigned NOT NULL DEFAULT 0,
  `lastLoginDate` datetime DEFAULT NULL,
  `lastLoginAttemptIPAddress` varchar(45) COLLATE utf8_unicode_ci DEFAULT NULL,
  `invalidLoginWindowStart` datetime DEFAULT NULL,
  `invalidLoginCount` tinyint(4) unsigned DEFAULT NULL,
  `lastInvalidLoginDate` datetime DEFAULT NULL,
  `lockoutDate` datetime DEFAULT NULL,
  `verificationCode` char(100) COLLATE utf8_unicode_ci DEFAULT NULL,
  `verificationCodeIssuedDate` datetime DEFAULT NULL,
  `unverifiedEmail` varchar(255) COLLATE utf8_unicode_ci DEFAULT NULL,
  `passwordResetRequired` tinyint(1) unsigned NOT NULL DEFAULT 0,
  `lastPasswordChangeDate` datetime DEFAULT NULL,
  `dateCreated` datetime NOT NULL,
  `dateUpdated` datetime NOT NULL,
  `uid` char(36) COLLATE utf8_unicode_ci NOT NULL DEFAULT '0',
  PRIMARY KEY (`id`),
  UNIQUE KEY `craft_users_username_unq_idx` (`username`),
  UNIQUE KEY `craft_users_email_unq_idx` (`email`),
  KEY `craft_users_verificationCode_idx` (`verificationCode`),
  KEY `craft_users_uid_idx` (`uid`),
  KEY `craft_users_preferredLocale_fk` (`preferredLocale`)
) ENGINE=InnoDB DEFAULT CHARSET=utf8 COLLATE=utf8_unicode_ci;

--
-- Data for table `craft_users`
--

INSERT INTO `craft_users` (`id`, `username`, `photo`, `firstName`, `lastName`, `email`, `password`, `preferredLocale`, `weekStartDay`, `admin`, `client`, `locked`, `suspended`, `pending`, `archived`, `lastLoginDate`, `lastLoginAttemptIPAddress`, `invalidLoginWindowStart`, `invalidLoginCount`, `lastInvalidLoginDate`, `lockoutDate`, `verificationCode`, `verificationCodeIssuedDate`, `unverifiedEmail`, `passwordResetRequired`, `lastPasswordChangeDate`, `dateCreated`, `dateUpdated`, `uid`) VALUES
 ('1', 'hi@graphicactivity.co.nz', NULL, NULL, NULL, 'hi@graphicactivity.co.nz', '$2y$13$yFrLaNisiiUG23BDF7EzAOeDgHso7w7G8KJAP2I411koDhanc4x9a', NULL, '0', '1', '0', '0', '0', '0', '0', '2017-09-29 07:29:41', '192.168.10.1', NULL, NULL, NULL, NULL, NULL, NULL, NULL, '0', '2017-09-28 06:55:51', '2017-09-28 06:55:51', '2017-09-29 07:29:41', '5739a6ba-7027-48a2-b59e-5e32a21d634c');



DROP TABLE IF EXISTS `craft_widgets`;


--
-- Schema for table `craft_widgets`
--
CREATE TABLE `craft_widgets` (
  `id` int(11) NOT NULL AUTO_INCREMENT,
  `userId` int(11) NOT NULL,
  `type` varchar(150) COLLATE utf8_unicode_ci NOT NULL,
  `sortOrder` smallint(6) unsigned DEFAULT NULL,
  `colspan` tinyint(4) unsigned DEFAULT NULL,
  `settings` text COLLATE utf8_unicode_ci DEFAULT NULL,
  `enabled` tinyint(1) unsigned NOT NULL DEFAULT 1,
  `dateCreated` datetime NOT NULL,
  `dateUpdated` datetime NOT NULL,
  `uid` char(36) COLLATE utf8_unicode_ci NOT NULL DEFAULT '0',
  PRIMARY KEY (`id`),
  KEY `craft_widgets_userId_fk` (`userId`)
) ENGINE=InnoDB AUTO_INCREMENT=5 DEFAULT CHARSET=utf8 COLLATE=utf8_unicode_ci;

--
-- Data for table `craft_widgets`
--

INSERT INTO `craft_widgets` (`id`, `userId`, `type`, `sortOrder`, `colspan`, `settings`, `enabled`, `dateCreated`, `dateUpdated`, `uid`) VALUES
 ('1', '1', 'RecentEntries', '1', NULL, NULL, '0', '2017-09-28 06:55:56', '2017-09-28 06:56:03', '006ba939-79e1-43dd-9dbe-47582686b34c'),
 ('2', '1', 'GetHelp', '2', NULL, NULL, '0', '2017-09-28 06:55:56', '2017-09-28 06:56:05', 'e2995b7e-6d9d-47c9-a219-92bcedf70256'),
 ('3', '1', 'Updates', '3', NULL, NULL, '0', '2017-09-28 06:55:56', '2017-09-28 06:56:07', '4bc099e5-85d5-4f13-94ae-12a7d1ea1fbb'),
 ('4', '1', 'Feed', '4', NULL, '{\"url\":\"https:\\/\\/craftcms.com\\/news.rss\",\"title\":\"Craft News\"}', '0', '2017-09-28 06:55:56', '2017-09-28 06:56:08', '78ce6dcc-f7a5-4fbc-97af-08241377543c');


--
-- Constraints for tables
--


--
-- Constraints for table `craft_assetfiles`
--
ALTER TABLE `craft_assetfiles`
	ADD CONSTRAINT `craft_assetfiles_folderId_fk` FOREIGN KEY (`folderId`) REFERENCES `craft_assetfolders` (`id`) ON DELETE CASCADE,
	ADD CONSTRAINT `craft_assetfiles_id_fk` FOREIGN KEY (`id`) REFERENCES `craft_elements` (`id`) ON DELETE CASCADE,
	ADD CONSTRAINT `craft_assetfiles_sourceId_fk` FOREIGN KEY (`sourceId`) REFERENCES `craft_assetsources` (`id`) ON DELETE CASCADE;

--
-- Constraints for table `craft_assetfolders`
--
ALTER TABLE `craft_assetfolders`
	ADD CONSTRAINT `craft_assetfolders_parentId_fk` FOREIGN KEY (`parentId`) REFERENCES `craft_assetfolders` (`id`) ON DELETE CASCADE,
	ADD CONSTRAINT `craft_assetfolders_sourceId_fk` FOREIGN KEY (`sourceId`) REFERENCES `craft_assetsources` (`id`) ON DELETE CASCADE;

--
-- Constraints for table `craft_assetindexdata`
--
ALTER TABLE `craft_assetindexdata`
	ADD CONSTRAINT `craft_assetindexdata_sourceId_fk` FOREIGN KEY (`sourceId`) REFERENCES `craft_assetsources` (`id`) ON DELETE CASCADE;

--
-- Constraints for table `craft_assetsources`
--
ALTER TABLE `craft_assetsources`
	ADD CONSTRAINT `craft_assetsources_fieldLayoutId_fk` FOREIGN KEY (`fieldLayoutId`) REFERENCES `craft_fieldlayouts` (`id`) ON DELETE SET NULL;

--
-- Constraints for table `craft_categories`
--
ALTER TABLE `craft_categories`
	ADD CONSTRAINT `craft_categories_groupId_fk` FOREIGN KEY (`groupId`) REFERENCES `craft_categorygroups` (`id`) ON DELETE CASCADE,
	ADD CONSTRAINT `craft_categories_id_fk` FOREIGN KEY (`id`) REFERENCES `craft_elements` (`id`) ON DELETE CASCADE;

--
-- Constraints for table `craft_categorygroups`
--
ALTER TABLE `craft_categorygroups`
	ADD CONSTRAINT `craft_categorygroups_fieldLayoutId_fk` FOREIGN KEY (`fieldLayoutId`) REFERENCES `craft_fieldlayouts` (`id`) ON DELETE SET NULL,
	ADD CONSTRAINT `craft_categorygroups_structureId_fk` FOREIGN KEY (`structureId`) REFERENCES `craft_structures` (`id`) ON DELETE CASCADE;

--
-- Constraints for table `craft_categorygroups_i18n`
--
ALTER TABLE `craft_categorygroups_i18n`
	ADD CONSTRAINT `craft_categorygroups_i18n_groupId_fk` FOREIGN KEY (`groupId`) REFERENCES `craft_categorygroups` (`id`) ON DELETE CASCADE,
	ADD CONSTRAINT `craft_categorygroups_i18n_locale_fk` FOREIGN KEY (`locale`) REFERENCES `craft_locales` (`locale`) ON DELETE CASCADE ON UPDATE CASCADE;

--
-- Constraints for table `craft_content`
--
ALTER TABLE `craft_content`
	ADD CONSTRAINT `craft_content_elementId_fk` FOREIGN KEY (`elementId`) REFERENCES `craft_elements` (`id`) ON DELETE CASCADE,
	ADD CONSTRAINT `craft_content_locale_fk` FOREIGN KEY (`locale`) REFERENCES `craft_locales` (`locale`) ON DELETE CASCADE ON UPDATE CASCADE;

--
-- Constraints for table `craft_elements_i18n`
--
ALTER TABLE `craft_elements_i18n`
	ADD CONSTRAINT `craft_elements_i18n_elementId_fk` FOREIGN KEY (`elementId`) REFERENCES `craft_elements` (`id`) ON DELETE CASCADE,
	ADD CONSTRAINT `craft_elements_i18n_locale_fk` FOREIGN KEY (`locale`) REFERENCES `craft_locales` (`locale`) ON DELETE CASCADE ON UPDATE CASCADE;

--
-- Constraints for table `craft_emailmessages`
--
ALTER TABLE `craft_emailmessages`
	ADD CONSTRAINT `craft_emailmessages_locale_fk` FOREIGN KEY (`locale`) REFERENCES `craft_locales` (`locale`) ON DELETE CASCADE ON UPDATE CASCADE;

--
-- Constraints for table `craft_entries`
--
ALTER TABLE `craft_entries`
	ADD CONSTRAINT `craft_entries_authorId_fk` FOREIGN KEY (`authorId`) REFERENCES `craft_users` (`id`) ON DELETE CASCADE,
	ADD CONSTRAINT `craft_entries_id_fk` FOREIGN KEY (`id`) REFERENCES `craft_elements` (`id`) ON DELETE CASCADE,
	ADD CONSTRAINT `craft_entries_sectionId_fk` FOREIGN KEY (`sectionId`) REFERENCES `craft_sections` (`id`) ON DELETE CASCADE,
	ADD CONSTRAINT `craft_entries_typeId_fk` FOREIGN KEY (`typeId`) REFERENCES `craft_entrytypes` (`id`) ON DELETE CASCADE;

--
-- Constraints for table `craft_entrydrafts`
--
ALTER TABLE `craft_entrydrafts`
	ADD CONSTRAINT `craft_entrydrafts_creatorId_fk` FOREIGN KEY (`creatorId`) REFERENCES `craft_users` (`id`) ON DELETE CASCADE,
	ADD CONSTRAINT `craft_entrydrafts_entryId_fk` FOREIGN KEY (`entryId`) REFERENCES `craft_entries` (`id`) ON DELETE CASCADE,
	ADD CONSTRAINT `craft_entrydrafts_locale_fk` FOREIGN KEY (`locale`) REFERENCES `craft_locales` (`locale`) ON DELETE CASCADE ON UPDATE CASCADE,
	ADD CONSTRAINT `craft_entrydrafts_sectionId_fk` FOREIGN KEY (`sectionId`) REFERENCES `craft_sections` (`id`) ON DELETE CASCADE;

--
-- Constraints for table `craft_entrytypes`
--
ALTER TABLE `craft_entrytypes`
	ADD CONSTRAINT `craft_entrytypes_fieldLayoutId_fk` FOREIGN KEY (`fieldLayoutId`) REFERENCES `craft_fieldlayouts` (`id`) ON DELETE SET NULL,
	ADD CONSTRAINT `craft_entrytypes_sectionId_fk` FOREIGN KEY (`sectionId`) REFERENCES `craft_sections` (`id`) ON DELETE CASCADE;

--
-- Constraints for table `craft_entryversions`
--
ALTER TABLE `craft_entryversions`
	ADD CONSTRAINT `craft_entryversions_creatorId_fk` FOREIGN KEY (`creatorId`) REFERENCES `craft_users` (`id`) ON DELETE SET NULL,
	ADD CONSTRAINT `craft_entryversions_entryId_fk` FOREIGN KEY (`entryId`) REFERENCES `craft_entries` (`id`) ON DELETE CASCADE,
	ADD CONSTRAINT `craft_entryversions_locale_fk` FOREIGN KEY (`locale`) REFERENCES `craft_locales` (`locale`) ON DELETE CASCADE ON UPDATE CASCADE,
	ADD CONSTRAINT `craft_entryversions_sectionId_fk` FOREIGN KEY (`sectionId`) REFERENCES `craft_sections` (`id`) ON DELETE CASCADE;

--
-- Constraints for table `craft_fieldlayoutfields`
--
ALTER TABLE `craft_fieldlayoutfields`
	ADD CONSTRAINT `craft_fieldlayoutfields_fieldId_fk` FOREIGN KEY (`fieldId`) REFERENCES `craft_fields` (`id`) ON DELETE CASCADE,
	ADD CONSTRAINT `craft_fieldlayoutfields_layoutId_fk` FOREIGN KEY (`layoutId`) REFERENCES `craft_fieldlayouts` (`id`) ON DELETE CASCADE,
	ADD CONSTRAINT `craft_fieldlayoutfields_tabId_fk` FOREIGN KEY (`tabId`) REFERENCES `craft_fieldlayouttabs` (`id`) ON DELETE CASCADE;

--
-- Constraints for table `craft_fieldlayouttabs`
--
ALTER TABLE `craft_fieldlayouttabs`
	ADD CONSTRAINT `craft_fieldlayouttabs_layoutId_fk` FOREIGN KEY (`layoutId`) REFERENCES `craft_fieldlayouts` (`id`) ON DELETE CASCADE;

--
-- Constraints for table `craft_fields`
--
ALTER TABLE `craft_fields`
	ADD CONSTRAINT `craft_fields_groupId_fk` FOREIGN KEY (`groupId`) REFERENCES `craft_fieldgroups` (`id`) ON DELETE CASCADE;

--
-- Constraints for table `craft_globalsets`
--
ALTER TABLE `craft_globalsets`
	ADD CONSTRAINT `craft_globalsets_fieldLayoutId_fk` FOREIGN KEY (`fieldLayoutId`) REFERENCES `craft_fieldlayouts` (`id`) ON DELETE SET NULL,
	ADD CONSTRAINT `craft_globalsets_id_fk` FOREIGN KEY (`id`) REFERENCES `craft_elements` (`id`) ON DELETE CASCADE;

--
-- Constraints for table `craft_matrixblocks`
--
ALTER TABLE `craft_matrixblocks`
	ADD CONSTRAINT `craft_matrixblocks_fieldId_fk` FOREIGN KEY (`fieldId`) REFERENCES `craft_fields` (`id`) ON DELETE CASCADE,
	ADD CONSTRAINT `craft_matrixblocks_id_fk` FOREIGN KEY (`id`) REFERENCES `craft_elements` (`id`) ON DELETE CASCADE,
	ADD CONSTRAINT `craft_matrixblocks_ownerId_fk` FOREIGN KEY (`ownerId`) REFERENCES `craft_elements` (`id`) ON DELETE CASCADE,
	ADD CONSTRAINT `craft_matrixblocks_ownerLocale_fk` FOREIGN KEY (`ownerLocale`) REFERENCES `craft_locales` (`locale`) ON DELETE CASCADE ON UPDATE CASCADE,
	ADD CONSTRAINT `craft_matrixblocks_typeId_fk` FOREIGN KEY (`typeId`) REFERENCES `craft_matrixblocktypes` (`id`) ON DELETE CASCADE;

--
-- Constraints for table `craft_matrixblocktypes`
--
ALTER TABLE `craft_matrixblocktypes`
	ADD CONSTRAINT `craft_matrixblocktypes_fieldId_fk` FOREIGN KEY (`fieldId`) REFERENCES `craft_fields` (`id`) ON DELETE CASCADE,
	ADD CONSTRAINT `craft_matrixblocktypes_fieldLayoutId_fk` FOREIGN KEY (`fieldLayoutId`) REFERENCES `craft_fieldlayouts` (`id`) ON DELETE SET NULL;

--
-- Constraints for table `craft_matrixcontent_gallery`
--
ALTER TABLE `craft_matrixcontent_gallery`
	ADD CONSTRAINT `craft_matrixcontent_gallery_elementId_fk` FOREIGN KEY (`elementId`) REFERENCES `craft_elements` (`id`) ON DELETE CASCADE,
	ADD CONSTRAINT `craft_matrixcontent_gallery_locale_fk` FOREIGN KEY (`locale`) REFERENCES `craft_locales` (`locale`) ON DELETE CASCADE ON UPDATE CASCADE;

--
-- Constraints for table `craft_migrations`
--
ALTER TABLE `craft_migrations`
	ADD CONSTRAINT `craft_migrations_pluginId_fk` FOREIGN KEY (`pluginId`) REFERENCES `craft_plugins` (`id`) ON DELETE CASCADE;

--
-- Constraints for table `craft_relations`
--
ALTER TABLE `craft_relations`
	ADD CONSTRAINT `craft_relations_fieldId_fk` FOREIGN KEY (`fieldId`) REFERENCES `craft_fields` (`id`) ON DELETE CASCADE,
	ADD CONSTRAINT `craft_relations_sourceId_fk` FOREIGN KEY (`sourceId`) REFERENCES `craft_elements` (`id`) ON DELETE CASCADE,
	ADD CONSTRAINT `craft_relations_sourceLocale_fk` FOREIGN KEY (`sourceLocale`) REFERENCES `craft_locales` (`locale`) ON DELETE CASCADE ON UPDATE CASCADE,
	ADD CONSTRAINT `craft_relations_targetId_fk` FOREIGN KEY (`targetId`) REFERENCES `craft_elements` (`id`) ON DELETE CASCADE;

--
-- Constraints for table `craft_routes`
--
ALTER TABLE `craft_routes`
	ADD CONSTRAINT `craft_routes_locale_fk` FOREIGN KEY (`locale`) REFERENCES `craft_locales` (`locale`) ON DELETE CASCADE ON UPDATE CASCADE;

--
-- Constraints for table `craft_sections`
--
ALTER TABLE `craft_sections`
	ADD CONSTRAINT `craft_sections_structureId_fk` FOREIGN KEY (`structureId`) REFERENCES `craft_structures` (`id`) ON DELETE SET NULL;

--
-- Constraints for table `craft_sections_i18n`
--
ALTER TABLE `craft_sections_i18n`
	ADD CONSTRAINT `craft_sections_i18n_locale_fk` FOREIGN KEY (`locale`) REFERENCES `craft_locales` (`locale`) ON DELETE CASCADE ON UPDATE CASCADE,
	ADD CONSTRAINT `craft_sections_i18n_sectionId_fk` FOREIGN KEY (`sectionId`) REFERENCES `craft_sections` (`id`) ON DELETE CASCADE;

--
-- Constraints for table `craft_sessions`
--
ALTER TABLE `craft_sessions`
	ADD CONSTRAINT `craft_sessions_userId_fk` FOREIGN KEY (`userId`) REFERENCES `craft_users` (`id`) ON DELETE CASCADE;

--
-- Constraints for table `craft_shunnedmessages`
--
ALTER TABLE `craft_shunnedmessages`
	ADD CONSTRAINT `craft_shunnedmessages_userId_fk` FOREIGN KEY (`userId`) REFERENCES `craft_users` (`id`) ON DELETE CASCADE;

--
-- Constraints for table `craft_structureelements`
--
ALTER TABLE `craft_structureelements`
	ADD CONSTRAINT `craft_structureelements_elementId_fk` FOREIGN KEY (`elementId`) REFERENCES `craft_elements` (`id`) ON DELETE CASCADE,
	ADD CONSTRAINT `craft_structureelements_structureId_fk` FOREIGN KEY (`structureId`) REFERENCES `craft_structures` (`id`) ON DELETE CASCADE;

--
-- Constraints for table `craft_taggroups`
--
ALTER TABLE `craft_taggroups`
	ADD CONSTRAINT `craft_taggroups_fieldLayoutId_fk` FOREIGN KEY (`fieldLayoutId`) REFERENCES `craft_fieldlayouts` (`id`) ON DELETE SET NULL;

--
-- Constraints for table `craft_tags`
--
ALTER TABLE `craft_tags`
	ADD CONSTRAINT `craft_tags_groupId_fk` FOREIGN KEY (`groupId`) REFERENCES `craft_taggroups` (`id`) ON DELETE CASCADE,
	ADD CONSTRAINT `craft_tags_id_fk` FOREIGN KEY (`id`) REFERENCES `craft_elements` (`id`) ON DELETE CASCADE;

--
-- Constraints for table `craft_templatecachecriteria`
--
ALTER TABLE `craft_templatecachecriteria`
	ADD CONSTRAINT `craft_templatecachecriteria_cacheId_fk` FOREIGN KEY (`cacheId`) REFERENCES `craft_templatecaches` (`id`) ON DELETE CASCADE;

--
-- Constraints for table `craft_templatecacheelements`
--
ALTER TABLE `craft_templatecacheelements`
	ADD CONSTRAINT `craft_templatecacheelements_cacheId_fk` FOREIGN KEY (`cacheId`) REFERENCES `craft_templatecaches` (`id`) ON DELETE CASCADE,
	ADD CONSTRAINT `craft_templatecacheelements_elementId_fk` FOREIGN KEY (`elementId`) REFERENCES `craft_elements` (`id`) ON DELETE CASCADE;

--
-- Constraints for table `craft_templatecaches`
--
ALTER TABLE `craft_templatecaches`
	ADD CONSTRAINT `craft_templatecaches_locale_fk` FOREIGN KEY (`locale`) REFERENCES `craft_locales` (`locale`) ON DELETE CASCADE ON UPDATE CASCADE;

--
-- Constraints for table `craft_usergroups_users`
--
ALTER TABLE `craft_usergroups_users`
	ADD CONSTRAINT `craft_usergroups_users_groupId_fk` FOREIGN KEY (`groupId`) REFERENCES `craft_usergroups` (`id`) ON DELETE CASCADE,
	ADD CONSTRAINT `craft_usergroups_users_userId_fk` FOREIGN KEY (`userId`) REFERENCES `craft_users` (`id`) ON DELETE CASCADE;

--
-- Constraints for table `craft_userpermissions_usergroups`
--
ALTER TABLE `craft_userpermissions_usergroups`
	ADD CONSTRAINT `craft_userpermissions_usergroups_groupId_fk` FOREIGN KEY (`groupId`) REFERENCES `craft_usergroups` (`id`) ON DELETE CASCADE,
	ADD CONSTRAINT `craft_userpermissions_usergroups_permissionId_fk` FOREIGN KEY (`permissionId`) REFERENCES `craft_userpermissions` (`id`) ON DELETE CASCADE;

--
-- Constraints for table `craft_userpermissions_users`
--
ALTER TABLE `craft_userpermissions_users`
	ADD CONSTRAINT `craft_userpermissions_users_permissionId_fk` FOREIGN KEY (`permissionId`) REFERENCES `craft_userpermissions` (`id`) ON DELETE CASCADE,
	ADD CONSTRAINT `craft_userpermissions_users_userId_fk` FOREIGN KEY (`userId`) REFERENCES `craft_users` (`id`) ON DELETE CASCADE;

--
-- Constraints for table `craft_users`
--
ALTER TABLE `craft_users`
	ADD CONSTRAINT `craft_users_id_fk` FOREIGN KEY (`id`) REFERENCES `craft_elements` (`id`) ON DELETE CASCADE,
	ADD CONSTRAINT `craft_users_preferredLocale_fk` FOREIGN KEY (`preferredLocale`) REFERENCES `craft_locales` (`locale`) ON DELETE SET NULL ON UPDATE CASCADE;

--
-- Constraints for table `craft_widgets`
--
ALTER TABLE `craft_widgets`
	ADD CONSTRAINT `craft_widgets_userId_fk` FOREIGN KEY (`userId`) REFERENCES `craft_users` (`id`) ON DELETE CASCADE;

SET FOREIGN_KEY_CHECKS = 1;
